Date,Options Class,Underlying,Product Type,Exchange,Volume
2011-04-28,GE,GE,S,CBOE,19152
2011-04-29,GE,GE,S,CBOE,13920
2011-05-02,GE,GE,S,CBOE,11982
2011-05-03,GE,GE,S,CBOE,11155
2011-05-04,GE,GE,S,CBOE,22626
2011-05-05,GE,GE,S,CBOE,17189
2011-05-06,GE,GE,S,CBOE,12857
2011-05-09,GE,GE,S,CBOE,23349
2011-05-10,GE,GE,S,CBOE,19469
2011-05-11,GE,GE,S,CBOE,15513
2011-05-12,GE,GE,S,CBOE,15682
2011-05-13,GE,GE,S,CBOE,18411
2011-05-16,GE,GE,S,CBOE,16215
2011-05-17,GE,GE,S,CBOE,15849
2011-05-18,GE,GE,S,CBOE,33084
2011-05-19,GE,GE,S,CBOE,21333
2011-05-20,GE,GE,S,CBOE,19388
2011-05-23,GE,GE,S,CBOE,22116
2011-05-24,GE,GE,S,CBOE,14752
2011-05-25,GE,GE,S,CBOE,18216
2011-05-26,GE,GE,S,CBOE,22457
2011-05-27,GE,GE,S,CBOE,12621
2011-05-31,GE,GE,S,CBOE,19467
2011-06-01,GE,GE,S,CBOE,13338
2011-06-02,GE,GE,S,CBOE,7409
2011-06-03,GE,GE,S,CBOE,11158
2011-06-06,GE,GE,S,CBOE,17007
2011-06-07,GE,GE,S,CBOE,18905
2011-06-08,GE,GE,S,CBOE,11547
2011-06-09,GE,GE,S,CBOE,8155
2011-06-10,GE,GE,S,CBOE,16844
2011-06-13,GE,GE,S,CBOE,13792
2011-06-14,GE,GE,S,CBOE,20292
2011-06-15,GE,GE,S,CBOE,13153
2011-06-16,GE,GE,S,CBOE,27518
2011-06-17,GE,GE,S,CBOE,17384
2011-06-20,GE,GE,S,CBOE,20171
2011-06-21,GE,GE,S,CBOE,28883
2011-06-22,GE,GE,S,CBOE,12423
2011-06-23,GE,GE,S,CBOE,17038
2011-06-24,GE,GE,S,CBOE,12077
2011-06-27,GE,GE,S,CBOE,12125
2011-06-28,GE,GE,S,CBOE,15500
2011-06-29,GE,GE,S,CBOE,7838
2011-06-30,GE,GE,S,CBOE,11723
2011-07-01,GE,GE,S,CBOE,21610
2011-07-05,GE,GE,S,CBOE,16719
2011-07-06,GE,GE,S,CBOE,7079
2011-07-07,GE,GE,S,CBOE,22145
2011-07-08,GE,GE,S,CBOE,14262
2011-07-11,GE,GE,S,CBOE,10507
2011-07-12,GE,GE,S,CBOE,16549
2011-07-13,GE,GE,S,CBOE,9497
2011-07-14,GE,GE,S,CBOE,19525
2011-07-15,GE,GE,S,CBOE,29112
2011-07-18,GE,GE,S,CBOE,26069
2011-07-19,GE,GE,S,CBOE,18202
2011-07-20,GE,GE,S,CBOE,24034
2011-07-21,GE,GE,S,CBOE,56997
2011-07-22,GE,GE,S,CBOE,49944
2011-07-25,GE,GE,S,CBOE,11065
2011-07-26,GE,GE,S,CBOE,19662
2011-07-27,GE,GE,S,CBOE,31594
2011-07-28,GE,GE,S,CBOE,14674
2011-07-29,GE,GE,S,CBOE,29318
2011-08-01,GE,GE,S,CBOE,22515
2011-08-02,GE,GE,S,CBOE,33308
2011-08-03,GE,GE,S,CBOE,22018
2011-08-04,GE,GE,S,CBOE,31059
2011-08-05,GE,GE,S,CBOE,58462
2011-08-08,GE,GE,S,CBOE,36849
2011-08-09,GE,GE,S,CBOE,31023
2011-08-10,GE,GE,S,CBOE,38202
2011-08-11,GE,GE,S,CBOE,52969
2011-08-12,GE,GE,S,CBOE,26962
2011-08-15,GE,GE,S,CBOE,27331
2011-08-16,GE,GE,S,CBOE,15443
2011-08-17,GE,GE,S,CBOE,15823
2011-08-18,GE,GE,S,CBOE,29946
2011-08-19,GE,GE,S,CBOE,34390
2011-08-22,GE,GE,S,CBOE,30353
2011-08-23,GE,GE,S,CBOE,19178
2011-08-24,GE,GE,S,CBOE,12446
2011-08-25,GE,GE,S,CBOE,23621
2011-08-26,GE,GE,S,CBOE,54143
2011-08-29,GE,GE,S,CBOE,29837
2011-08-30,GE,GE,S,CBOE,16652
2011-08-31,GE,GE,S,CBOE,20211
2011-09-01,GE,GE,S,CBOE,25304
2011-09-02,GE,GE,S,CBOE,18103
2011-09-06,GE,GE,S,CBOE,31904
2011-09-07,GE,GE,S,CBOE,23838
2011-09-08,GE,GE,S,CBOE,39205
2011-09-09,GE,GE,S,CBOE,31514
2011-09-12,GE,GE,S,CBOE,35280
2011-09-13,GE,GE,S,CBOE,23325
2011-09-14,GE,GE,S,CBOE,37873
2011-09-15,GE,GE,S,CBOE,47046
2011-09-16,GE,GE,S,CBOE,46748
2011-09-19,GE,GE,S,CBOE,15685
2011-09-20,GE,GE,S,CBOE,21959
2011-09-21,GE,GE,S,CBOE,29462
2011-09-22,GE,GE,S,CBOE,45499
2011-09-23,GE,GE,S,CBOE,16088
2011-09-26,GE,GE,S,CBOE,10262
2011-09-27,GE,GE,S,CBOE,19881
2011-09-28,GE,GE,S,CBOE,15611
2011-09-29,GE,GE,S,CBOE,13963
2011-09-30,GE,GE,S,CBOE,42645
2011-10-03,GE,GE,S,CBOE,52883
2011-10-04,GE,GE,S,CBOE,52008
2011-10-05,GE,GE,S,CBOE,22393
2011-10-06,GE,GE,S,CBOE,16758
2011-10-07,GE,GE,S,CBOE,28654
2011-10-10,GE,GE,S,CBOE,35388
2011-10-11,GE,GE,S,CBOE,14318
2011-10-12,GE,GE,S,CBOE,39005
2011-10-13,GE,GE,S,CBOE,47615
2011-10-14,GE,GE,S,CBOE,30250
2011-10-17,GE,GE,S,CBOE,10452
2011-10-18,GE,GE,S,CBOE,25077
2011-10-19,GE,GE,S,CBOE,19806
2011-10-20,GE,GE,S,CBOE,27908
2011-10-21,GE,GE,S,CBOE,44290
2011-10-24,GE,GE,S,CBOE,35352
2011-10-25,GE,GE,S,CBOE,17569
2011-10-26,GE,GE,S,CBOE,17396
2011-10-27,GE,GE,S,CBOE,42097
2011-10-28,GE,GE,S,CBOE,15902
2011-10-31,GE,GE,S,CBOE,17493
2011-11-01,GE,GE,S,CBOE,29106
2011-11-02,GE,GE,S,CBOE,17353
2011-11-03,GE,GE,S,CBOE,12389
2011-11-04,GE,GE,S,CBOE,10991
2011-11-07,GE,GE,S,CBOE,14414
2011-11-08,GE,GE,S,CBOE,18098
2011-11-09,GE,GE,S,CBOE,26547
2011-11-10,GE,GE,S,CBOE,10162
2011-11-11,GE,GE,S,CBOE,13262
2011-11-14,GE,GE,S,CBOE,18322
2011-11-15,GE,GE,S,CBOE,10325
2011-11-16,GE,GE,S,CBOE,16055
2011-11-17,GE,GE,S,CBOE,24910
2011-11-18,GE,GE,S,CBOE,24593
2011-11-21,GE,GE,S,CBOE,21923
2011-11-22,GE,GE,S,CBOE,19077
2011-11-23,GE,GE,S,CBOE,24920
2011-11-25,GE,GE,S,CBOE,6673
2011-11-28,GE,GE,S,CBOE,20861
2011-11-29,GE,GE,S,CBOE,13054
2011-11-30,GE,GE,S,CBOE,31092
2011-12-01,GE,GE,S,CBOE,13066
2011-12-02,GE,GE,S,CBOE,42226
2011-12-05,GE,GE,S,CBOE,27332
2011-12-06,GE,GE,S,CBOE,33776
2011-12-07,GE,GE,S,CBOE,20956
2011-12-08,GE,GE,S,CBOE,19147
2011-12-09,GE,GE,S,CBOE,31553
2011-12-12,GE,GE,S,CBOE,16836
2011-12-13,GE,GE,S,CBOE,34322
2011-12-14,GE,GE,S,CBOE,19637
2011-12-15,GE,GE,S,CBOE,14147
2011-12-16,GE,GE,S,CBOE,32174
2011-12-19,GE,GE,S,CBOE,23285
2011-12-20,GE,GE,S,CBOE,21608
2011-12-21,GE,GE,S,CBOE,27588
2011-12-22,GE,GE,S,CBOE,41410
2011-12-23,GE,GE,S,CBOE,32158
2011-12-27,GE,GE,S,CBOE,12707
2011-12-28,GE,GE,S,CBOE,19397
2011-12-29,GE,GE,S,CBOE,10747
2011-12-30,GE,GE,S,CBOE,11467
2012-01-03,GE,GE,S,CBOE,26512
2012-01-04,GE,GE,S,CBOE,16802
2012-01-05,GE,GE,S,CBOE,13157
2012-01-06,GE,GE,S,CBOE,37565
2012-01-09,GE,GE,S,CBOE,20801
2012-01-10,GE,GE,S,CBOE,37779
2012-01-11,GE,GE,S,CBOE,19240
2012-01-12,GE,GE,S,CBOE,25485
2012-01-13,GE,GE,S,CBOE,19524
2012-01-17,GE,GE,S,CBOE,29994
2012-01-18,GE,GE,S,CBOE,25715
2012-01-19,GE,GE,S,CBOE,52452
2012-01-20,GE,GE,S,CBOE,60227
2012-01-23,GE,GE,S,CBOE,39853
2012-01-24,GE,GE,S,CBOE,19617
2012-01-25,GE,GE,S,CBOE,37683
2012-01-26,GE,GE,S,CBOE,25618
2012-01-27,GE,GE,S,CBOE,17414
2012-01-30,GE,GE,S,CBOE,19235
2012-01-31,GE,GE,S,CBOE,17324
2012-02-01,GE,GE,S,CBOE,22548
2012-02-02,GE,GE,S,CBOE,14053
2012-02-03,GE,GE,S,CBOE,34701
2012-02-06,GE,GE,S,CBOE,19569
2012-02-07,GE,GE,S,CBOE,32775
2012-02-08,GE,GE,S,CBOE,16180
2012-02-09,GE,GE,S,CBOE,14669
2012-02-10,GE,GE,S,CBOE,32631
2012-02-13,GE,GE,S,CBOE,22609
2012-02-14,GE,GE,S,CBOE,22039
2012-02-15,GE,GE,S,CBOE,18566
2012-02-16,GE,GE,S,CBOE,30718
2012-02-17,GE,GE,S,CBOE,60672
2012-02-21,GE,GE,S,CBOE,28401
2012-02-22,GE,GE,S,CBOE,33062
2012-02-23,GE,GE,S,CBOE,23714
2012-02-24,GE,GE,S,CBOE,14481
2012-02-27,GE,GE,S,CBOE,16058
2012-02-28,GE,GE,S,CBOE,9480
2012-02-29,GE,GE,S,CBOE,10399
2012-03-01,GE,GE,S,CBOE,6961
2012-03-02,GE,GE,S,CBOE,12869
2012-03-05,GE,GE,S,CBOE,13146
2012-03-06,GE,GE,S,CBOE,28800
2012-03-07,GE,GE,S,CBOE,17562
2012-03-08,GE,GE,S,CBOE,15339
2012-03-09,GE,GE,S,CBOE,15949
2012-03-12,GE,GE,S,CBOE,10930
2012-03-13,GE,GE,S,CBOE,43818
2012-03-14,GE,GE,S,CBOE,31439
2012-03-15,GE,GE,S,CBOE,35171
2012-03-16,GE,GE,S,CBOE,71053
2012-03-19,GE,GE,S,CBOE,27911
2012-03-20,GE,GE,S,CBOE,12893
2012-03-21,GE,GE,S,CBOE,27929
2012-03-22,GE,GE,S,CBOE,17713
2012-03-23,GE,GE,S,CBOE,13087
2012-03-26,GE,GE,S,CBOE,21938
2012-03-27,GE,GE,S,CBOE,13466
2012-03-28,GE,GE,S,CBOE,18731
2012-03-29,GE,GE,S,CBOE,16080
2012-03-30,GE,GE,S,CBOE,14813
2012-04-02,GE,GE,S,CBOE,8797
2012-04-03,GE,GE,S,CBOE,9050
2012-04-04,GE,GE,S,CBOE,16991
2012-04-05,GE,GE,S,CBOE,11613
2012-04-09,GE,GE,S,CBOE,25743
2012-04-10,GE,GE,S,CBOE,30656
2012-04-11,GE,GE,S,CBOE,10410
2012-04-12,GE,GE,S,CBOE,11276
2012-04-13,GE,GE,S,CBOE,15727
2012-04-16,GE,GE,S,CBOE,9296
2012-04-17,GE,GE,S,CBOE,18201
2012-04-18,GE,GE,S,CBOE,8402
2012-04-19,GE,GE,S,CBOE,33357
2012-04-20,GE,GE,S,CBOE,34111
2012-04-23,GE,GE,S,CBOE,21106
2012-04-24,GE,GE,S,CBOE,26618
2012-04-25,GE,GE,S,CBOE,14148
2012-04-26,GE,GE,S,CBOE,12406
2012-04-27,GE,GE,S,CBOE,15177
2012-04-30,GE,GE,S,CBOE,6027
2012-05-01,GE,GE,S,CBOE,16942
2012-05-02,GE,GE,S,CBOE,10619
2012-05-03,GE,GE,S,CBOE,6726
2012-05-04,GE,GE,S,CBOE,17433
2012-05-07,GE,GE,S,CBOE,12419
2012-05-08,GE,GE,S,CBOE,15651
2012-05-09,GE,GE,S,CBOE,27647
2012-05-10,GE,GE,S,CBOE,6912
2012-05-11,GE,GE,S,CBOE,10632
2012-05-14,GE,GE,S,CBOE,27043
2012-05-15,GE,GE,S,CBOE,19321
2012-05-16,GE,GE,S,CBOE,25888
2012-05-17,GE,GE,S,CBOE,33358
2012-05-18,GE,GE,S,CBOE,29312
2012-05-21,GE,GE,S,CBOE,13371
2012-05-22,GE,GE,S,CBOE,18574
2012-05-23,GE,GE,S,CBOE,32814
2012-05-24,GE,GE,S,CBOE,25269
2012-05-25,GE,GE,S,CBOE,15958
2012-05-29,GE,GE,S,CBOE,29482
2012-05-30,GE,GE,S,CBOE,7267
2012-05-31,GE,GE,S,CBOE,12317
2012-06-01,GE,GE,S,CBOE,17163
2012-06-04,GE,GE,S,CBOE,30259
2012-06-05,GE,GE,S,CBOE,19675
2012-06-06,GE,GE,S,CBOE,19042
2012-06-07,GE,GE,S,CBOE,31045
2012-06-08,GE,GE,S,CBOE,17840
2012-06-11,GE,GE,S,CBOE,29455
2012-06-12,GE,GE,S,CBOE,19574
2012-06-13,GE,GE,S,CBOE,24398
2012-06-14,GE,GE,S,CBOE,23655
2012-06-15,GE,GE,S,CBOE,34695
2012-06-18,GE,GE,S,CBOE,26305
2012-06-19,GE,GE,S,CBOE,22422
2012-06-20,GE,GE,S,CBOE,25949
2012-06-21,GE,GE,S,CBOE,17541
2012-06-22,GE,GE,S,CBOE,94461
2012-06-25,GE,GE,S,CBOE,8254
2012-06-26,GE,GE,S,CBOE,12229
2012-06-27,GE,GE,S,CBOE,18424
2012-06-28,GE,GE,S,CBOE,13048
2012-06-29,GE,GE,S,CBOE,52024
2012-07-02,GE,GE,S,CBOE,21151
2012-07-03,GE,GE,S,CBOE,4731
2012-07-05,GE,GE,S,CBOE,9786
2012-07-06,GE,GE,S,CBOE,15104
2012-07-09,GE,GE,S,CBOE,10634
2012-07-10,GE,GE,S,CBOE,15613
2012-07-11,GE,GE,S,CBOE,8802
2012-07-12,GE,GE,S,CBOE,21944
2012-07-13,GE,GE,S,CBOE,9124
2012-07-16,GE,GE,S,CBOE,13301
2012-07-17,GE,GE,S,CBOE,19411
2012-07-18,GE,GE,S,CBOE,42714
2012-07-19,GE,GE,S,CBOE,23552
2012-07-20,GE,GE,S,CBOE,67254
2012-07-23,GE,GE,S,CBOE,32444
2012-07-24,GE,GE,S,CBOE,15307
2012-07-25,GE,GE,S,CBOE,16476
2012-07-26,GE,GE,S,CBOE,36435
2012-07-27,GE,GE,S,CBOE,39209
2012-07-30,GE,GE,S,CBOE,9486
2012-07-31,GE,GE,S,CBOE,13637
2012-08-01,GE,GE,S,CBOE,28588
2012-08-02,GE,GE,S,CBOE,27261
2012-08-03,GE,GE,S,CBOE,16639
2012-08-06,GE,GE,S,CBOE,19318
2012-08-07,GE,GE,S,CBOE,18203
2012-08-08,GE,GE,S,CBOE,13584
2012-08-09,GE,GE,S,CBOE,15014
2012-08-10,GE,GE,S,CBOE,13695
2012-08-13,GE,GE,S,CBOE,159793
2012-08-14,GE,GE,S,CBOE,10771
2012-08-15,GE,GE,S,CBOE,9262
2012-08-16,GE,GE,S,CBOE,21512
2012-08-17,GE,GE,S,CBOE,92954
2012-08-20,GE,GE,S,CBOE,9021
2012-08-21,GE,GE,S,CBOE,18215
2012-08-22,GE,GE,S,CBOE,11352
2012-08-23,GE,GE,S,CBOE,11844
2012-08-24,GE,GE,S,CBOE,12624
2012-08-27,GE,GE,S,CBOE,13054
2012-08-28,GE,GE,S,CBOE,6932
2012-08-29,GE,GE,S,CBOE,18029
2012-08-30,GE,GE,S,CBOE,13562
2012-08-31,GE,GE,S,CBOE,6644
2012-09-04,GE,GE,S,CBOE,11300
2012-09-05,GE,GE,S,CBOE,7042
2012-09-06,GE,GE,S,CBOE,24261
2012-09-07,GE,GE,S,CBOE,18883
2012-09-10,GE,GE,S,CBOE,11678
2012-09-11,GE,GE,S,CBOE,18807
2012-09-12,GE,GE,S,CBOE,22574
2012-09-13,GE,GE,S,CBOE,56758
2012-09-14,GE,GE,S,CBOE,47493
2012-09-17,GE,GE,S,CBOE,16655
2012-09-18,GE,GE,S,CBOE,18959
2012-09-19,GE,GE,S,CBOE,35274
2012-09-20,GE,GE,S,CBOE,22370
2012-09-21,GE,GE,S,CBOE,31296
2012-09-24,GE,GE,S,CBOE,65538
2012-09-25,GE,GE,S,CBOE,24762
2012-09-26,GE,GE,S,CBOE,20887
2012-09-27,GE,GE,S,CBOE,39245
2012-09-28,GE,GE,S,CBOE,23114
2012-10-01,GE,GE,S,CBOE,11373
2012-10-02,GE,GE,S,CBOE,11029
2012-10-03,GE,GE,S,CBOE,17434
2012-10-04,GE,GE,S,CBOE,8881
2012-10-05,GE,GE,S,CBOE,13916
2012-10-08,GE,GE,S,CBOE,6180
2012-10-09,GE,GE,S,CBOE,10867
2012-10-10,GE,GE,S,CBOE,9376
2012-10-11,GE,GE,S,CBOE,16035
2012-10-12,GE,GE,S,CBOE,8497
2012-10-15,GE,GE,S,CBOE,11160
2012-10-16,GE,GE,S,CBOE,18391
2012-10-17,GE,GE,S,CBOE,10768
2012-10-18,GE,GE,S,CBOE,38256
2012-10-19,GE,GE,S,CBOE,41819
2012-10-22,GE,GE,S,CBOE,35429
2012-10-23,GE,GE,S,CBOE,21291
2012-10-24,GE,GE,S,CBOE,11927
2012-10-25,GE,GE,S,CBOE,12148
2012-10-26,GE,GE,S,CBOE,6269
2012-10-31,GE,GE,S,CBOE,8775
2012-11-01,GE,GE,S,CBOE,9913
2012-11-02,GE,GE,S,CBOE,8447
2012-11-05,GE,GE,S,CBOE,7337
2012-11-06,GE,GE,S,CBOE,9122
2012-11-07,GE,GE,S,CBOE,11561
2012-11-08,GE,GE,S,CBOE,9509
2012-11-09,GE,GE,S,CBOE,12228
2012-11-12,GE,GE,S,CBOE,13580
2012-11-13,GE,GE,S,CBOE,14918
2012-11-14,GE,GE,S,CBOE,12369
2012-11-15,GE,GE,S,CBOE,15044
2012-11-16,GE,GE,S,CBOE,12855
2012-11-19,GE,GE,S,CBOE,19356
2012-11-20,GE,GE,S,CBOE,12416
2012-11-21,GE,GE,S,CBOE,6501
2012-11-23,GE,GE,S,CBOE,9583
2012-11-26,GE,GE,S,CBOE,11553
2012-11-27,GE,GE,S,CBOE,7861
2012-11-28,GE,GE,S,CBOE,9297
2012-11-29,GE,GE,S,CBOE,8082
2012-11-30,GE,GE,S,CBOE,8299
2012-12-03,GE,GE,S,CBOE,4034
2012-12-04,GE,GE,S,CBOE,5017
2012-12-05,GE,GE,S,CBOE,8121
2012-12-06,GE,GE,S,CBOE,8244
2012-12-07,GE,GE,S,CBOE,10121
2012-12-10,GE,GE,S,CBOE,5324
2012-12-11,GE,GE,S,CBOE,13344
2012-12-12,GE,GE,S,CBOE,16402
2012-12-13,GE,GE,S,CBOE,6960
2012-12-14,GE,GE,S,CBOE,10097
2012-12-17,GE,GE,S,CBOE,15763
2012-12-18,GE,GE,S,CBOE,27009
2012-12-19,GE,GE,S,CBOE,34374
2012-12-20,GE,GE,S,CBOE,18553
2012-12-21,GE,GE,S,CBOE,23643
2012-12-24,GE,GE,S,CBOE,11520
2012-12-26,GE,GE,S,CBOE,14022
2012-12-27,GE,GE,S,CBOE,16655
2012-12-28,GE,GE,S,CBOE,8189
2012-12-31,GE,GE,S,CBOE,13569
2013-01-02,GE,GE,S,CBOE,17481
2013-01-03,GE,GE,S,CBOE,9557
2013-01-04,GE,GE,S,CBOE,11280
2013-01-07,GE,GE,S,CBOE,7047
2013-01-08,GE,GE,S,CBOE,17616
2013-01-09,GE,GE,S,CBOE,6828
2013-01-10,GE,GE,S,CBOE,12272
2013-01-11,GE,GE,S,CBOE,4922
2013-01-14,GE,GE,S,CBOE,14120
2013-01-15,GE,GE,S,CBOE,5328
2013-01-16,GE,GE,S,CBOE,9833
2013-01-17,GE,GE,S,CBOE,19551
2013-01-18,GE,GE,S,CBOE,31906
2013-01-22,GE,GE,S,CBOE,18732
2013-01-23,GE,GE,S,CBOE,6993
2013-01-24,GE,GE,S,CBOE,12516
2013-01-25,GE,GE,S,CBOE,11924
2013-01-28,GE,GE,S,CBOE,10175
2013-01-29,GE,GE,S,CBOE,9771
2013-01-30,GE,GE,S,CBOE,5953
2013-01-31,GE,GE,S,CBOE,3315
2013-02-01,GE,GE,S,CBOE,11748
2013-02-04,GE,GE,S,CBOE,7266
2013-02-05,GE,GE,S,CBOE,6394
2013-02-06,GE,GE,S,CBOE,5406
2013-02-07,GE,GE,S,CBOE,7697
2013-02-08,GE,GE,S,CBOE,4721
2013-02-11,GE,GE,S,CBOE,9463
2013-02-12,GE,GE,S,CBOE,11426
2013-02-13,GE,GE,S,CBOE,36186
2013-02-14,GE,GE,S,CBOE,11642
2013-02-15,GE,GE,S,CBOE,14628
2013-02-19,GE,GE,S,CBOE,26179
2013-02-20,GE,GE,S,CBOE,14965
2013-02-21,GE,GE,S,CBOE,11021
2013-02-22,GE,GE,S,CBOE,10290
2013-02-25,GE,GE,S,CBOE,12050
2013-02-26,GE,GE,S,CBOE,8954
2013-02-27,GE,GE,S,CBOE,10458
2013-02-28,GE,GE,S,CBOE,7824
2013-03-01,GE,GE,S,CBOE,6121
2013-03-04,GE,GE,S,CBOE,9283
2013-03-05,GE,GE,S,CBOE,21713
2013-03-06,GE,GE,S,CBOE,8826
2013-03-07,GE,GE,S,CBOE,8221
2013-03-08,GE,GE,S,CBOE,7273
2013-03-11,GE,GE,S,CBOE,13295
2013-03-12,GE,GE,S,CBOE,10784
2013-03-13,GE,GE,S,CBOE,7891
2013-03-14,GE,GE,S,CBOE,16034
2013-03-15,GE,GE,S,CBOE,13241
2013-03-18,GE,GE,S,CBOE,11047
2013-03-19,GE,GE,S,CBOE,15476
2013-03-20,GE,GE,S,CBOE,10679
2013-03-21,GE,GE,S,CBOE,8539
2013-03-22,GE,GE,S,CBOE,6208
2013-03-25,GE,GE,S,CBOE,10490
2013-03-26,GE,GE,S,CBOE,8938
2013-03-27,GE,GE,S,CBOE,6211
2013-03-28,GE,GE,S,CBOE,7071
2013-04-01,GE,GE,S,CBOE,5812
2013-04-02,GE,GE,S,CBOE,8048
2013-04-03,GE,GE,S,CBOE,10947
2013-04-04,GE,GE,S,CBOE,6861
2013-04-05,GE,GE,S,CBOE,5400
2013-04-08,GE,GE,S,CBOE,7210
2013-04-09,GE,GE,S,CBOE,8688
2013-04-10,GE,GE,S,CBOE,16333
2013-04-11,GE,GE,S,CBOE,10383
2013-04-12,GE,GE,S,CBOE,4608
2013-04-15,GE,GE,S,CBOE,12429
2013-04-16,GE,GE,S,CBOE,10914
2013-04-17,GE,GE,S,CBOE,10991
2013-04-18,GE,GE,S,CBOE,13070
2013-04-19,GE,GE,S,CBOE,33473
2013-04-22,GE,GE,S,CBOE,37812
2013-04-23,GE,GE,S,CBOE,12961
2013-04-24,GE,GE,S,CBOE,11349
2013-04-25,GE,GE,S,CBOE,1074
2013-04-26,GE,GE,S,CBOE,15770
2013-04-29,GE,GE,S,CBOE,5965
2013-04-30,GE,GE,S,CBOE,7035
2013-05-01,GE,GE,S,CBOE,2559
2013-05-02,GE,GE,S,CBOE,6300
2013-05-03,GE,GE,S,CBOE,16670
2013-05-06,GE,GE,S,CBOE,6990
2013-05-07,GE,GE,S,CBOE,6892
2013-05-08,GE,GE,S,CBOE,14500
2013-05-09,GE,GE,S,CBOE,19899
2013-05-10,GE,GE,S,CBOE,8003
2013-05-13,GE,GE,S,CBOE,7083
2013-05-14,GE,GE,S,CBOE,11876
2013-05-15,GE,GE,S,CBOE,9600
2013-05-16,GE,GE,S,CBOE,12731
2013-05-17,GE,GE,S,CBOE,19358
2013-05-20,GE,GE,S,CBOE,9194
2013-05-21,GE,GE,S,CBOE,18374
2013-05-22,GE,GE,S,CBOE,19472
2013-05-23,GE,GE,S,CBOE,6693
2013-05-24,GE,GE,S,CBOE,5258
2013-05-28,GE,GE,S,CBOE,12323
2013-05-29,GE,GE,S,CBOE,7598
2013-05-30,GE,GE,S,CBOE,7459
2013-05-31,GE,GE,S,CBOE,7858
2013-06-03,GE,GE,S,CBOE,10812
2013-06-04,GE,GE,S,CBOE,5892
2013-06-05,GE,GE,S,CBOE,8750
2013-06-06,GE,GE,S,CBOE,9963
2013-06-07,GE,GE,S,CBOE,14542
2013-06-10,GE,GE,S,CBOE,7854
2013-06-11,GE,GE,S,CBOE,5607
2013-06-12,GE,GE,S,CBOE,5757
2013-06-13,GE,GE,S,CBOE,7344
2013-06-14,GE,GE,S,CBOE,8937
2013-06-17,GE,GE,S,CBOE,10256
2013-06-18,GE,GE,S,CBOE,33315
2013-06-19,GE,GE,S,CBOE,16638
2013-06-20,GE,GE,S,CBOE,16299
2013-06-21,GE,GE,S,CBOE,14502
2013-06-24,GE,GE,S,CBOE,16533
2013-06-25,GE,GE,S,CBOE,16945
2013-06-26,GE,GE,S,CBOE,8970
2013-06-27,GE,GE,S,CBOE,6002
2013-06-28,GE,GE,S,CBOE,6231
2013-07-01,GE,GE,S,CBOE,10014
2013-07-02,GE,GE,S,CBOE,20297
2013-07-03,GE,GE,S,CBOE,4315
2013-07-05,GE,GE,S,CBOE,5876
2013-07-08,GE,GE,S,CBOE,6784
2013-07-09,GE,GE,S,CBOE,8635
2013-07-10,GE,GE,S,CBOE,6259
2013-07-11,GE,GE,S,CBOE,12182
2013-07-12,GE,GE,S,CBOE,8832
2013-07-15,GE,GE,S,CBOE,10499
2013-07-16,GE,GE,S,CBOE,12690
2013-07-17,GE,GE,S,CBOE,13743
2013-07-18,GE,GE,S,CBOE,29054
2013-07-19,GE,GE,S,CBOE,102407
2013-07-22,GE,GE,S,CBOE,13286
2013-07-23,GE,GE,S,CBOE,8336
2013-07-24,GE,GE,S,CBOE,9248
2013-07-25,GE,GE,S,CBOE,5557
2013-07-26,GE,GE,S,CBOE,6709
2013-07-29,GE,GE,S,CBOE,5718
2013-07-30,GE,GE,S,CBOE,7133
2013-07-31,GE,GE,S,CBOE,6195
2013-08-01,GE,GE,S,CBOE,8578
2013-08-02,GE,GE,S,CBOE,5023
2013-08-05,GE,GE,S,CBOE,5281
2013-08-06,GE,GE,S,CBOE,7739
2013-08-07,GE,GE,S,CBOE,12128
2013-08-08,GE,GE,S,CBOE,6940
2013-08-09,GE,GE,S,CBOE,4080
2013-08-12,GE,GE,S,CBOE,8045
2013-08-13,GE,GE,S,CBOE,10647
2013-08-14,GE,GE,S,CBOE,5456
2013-08-15,GE,GE,S,CBOE,10768
2013-08-16,GE,GE,S,CBOE,13242
2013-08-19,GE,GE,S,CBOE,10057
2013-08-20,GE,GE,S,CBOE,9341
2013-08-21,GE,GE,S,CBOE,7365
2013-08-22,GE,GE,S,CBOE,11166
2013-08-23,GE,GE,S,CBOE,3929
2013-08-26,GE,GE,S,CBOE,5658
2013-08-27,GE,GE,S,CBOE,12864
2013-08-28,GE,GE,S,CBOE,5222
2013-08-29,GE,GE,S,CBOE,10375
2013-08-30,GE,GE,S,CBOE,15162
2013-09-03,GE,GE,S,CBOE,14047
2013-09-04,GE,GE,S,CBOE,17256
2013-09-05,GE,GE,S,CBOE,7377
2013-09-06,GE,GE,S,CBOE,7915
2013-09-09,GE,GE,S,CBOE,6232
2013-09-10,GE,GE,S,CBOE,13383
2013-09-11,GE,GE,S,CBOE,10885
2013-09-12,GE,GE,S,CBOE,9021
2013-09-13,GE,GE,S,CBOE,7774
2013-09-16,GE,GE,S,CBOE,22138
2013-09-17,GE,GE,S,CBOE,15207
2013-09-18,GE,GE,S,CBOE,33596
2013-09-19,GE,GE,S,CBOE,14026
2013-09-20,GE,GE,S,CBOE,16015
2013-09-23,GE,GE,S,CBOE,21864
2013-09-24,GE,GE,S,CBOE,8272
2013-09-25,GE,GE,S,CBOE,6403
2013-09-26,GE,GE,S,CBOE,14457
2013-09-27,GE,GE,S,CBOE,17453
2013-09-30,GE,GE,S,CBOE,9807
2013-10-01,GE,GE,S,CBOE,15130
2013-10-02,GE,GE,S,CBOE,12804
2013-10-03,GE,GE,S,CBOE,12745
2013-10-04,GE,GE,S,CBOE,10368
2013-10-07,GE,GE,S,CBOE,9141
2013-10-08,GE,GE,S,CBOE,15082
2013-10-09,GE,GE,S,CBOE,15516
2013-10-10,GE,GE,S,CBOE,8430
2013-10-11,GE,GE,S,CBOE,13316
2013-10-14,GE,GE,S,CBOE,15504
2013-10-15,GE,GE,S,CBOE,9738
2013-10-16,GE,GE,S,CBOE,9800
2013-10-17,GE,GE,S,CBOE,32865
2013-10-18,GE,GE,S,CBOE,74653
2013-10-21,GE,GE,S,CBOE,62920
2013-10-22,GE,GE,S,CBOE,21473
2013-10-23,GE,GE,S,CBOE,14414
2013-10-24,GE,GE,S,CBOE,8165
2013-10-25,GE,GE,S,CBOE,15461
2013-10-28,GE,GE,S,CBOE,13379
2013-10-29,GE,GE,S,CBOE,31112
2013-10-30,GE,GE,S,CBOE,14847
2013-10-31,GE,GE,S,CBOE,10779
2013-11-01,GE,GE,S,CBOE,19810
2013-11-04,GE,GE,S,CBOE,8136
2013-11-05,GE,GE,S,CBOE,6921
2013-11-06,GE,GE,S,CBOE,21676
2013-11-07,GE,GE,S,CBOE,66109
2013-11-08,GE,GE,S,CBOE,14689
2013-11-11,GE,GE,S,CBOE,16199
2013-11-12,GE,GE,S,CBOE,38419
2013-11-13,GE,GE,S,CBOE,11653
2013-11-14,GE,GE,S,CBOE,27747
2013-11-15,GE,GE,S,CBOE,38232
2013-11-18,GE,GE,S,CBOE,37079
2013-11-19,GE,GE,S,CBOE,22099
2013-11-20,GE,GE,S,CBOE,9256
2013-11-21,GE,GE,S,CBOE,9244
2013-11-22,GE,GE,S,CBOE,10204
2013-11-25,GE,GE,S,CBOE,12328
2013-11-26,GE,GE,S,CBOE,8902
2013-11-27,GE,GE,S,CBOE,12154
2013-11-29,GE,GE,S,CBOE,3111
2013-12-02,GE,GE,S,CBOE,12764
2013-12-03,GE,GE,S,CBOE,12631
2013-12-04,GE,GE,S,CBOE,16394
2013-12-05,GE,GE,S,CBOE,11195
2013-12-06,GE,GE,S,CBOE,15779
2013-12-09,GE,GE,S,CBOE,11334
2013-12-10,GE,GE,S,CBOE,9098
2013-12-11,GE,GE,S,CBOE,10678
2013-12-12,GE,GE,S,CBOE,9343
2013-12-13,GE,GE,S,CBOE,17840
2013-12-16,GE,GE,S,CBOE,11016
2013-12-17,GE,GE,S,CBOE,25866
2013-12-18,GE,GE,S,CBOE,52122
2013-12-19,GE,GE,S,CBOE,20140
2013-12-20,GE,GE,S,CBOE,22819
2013-12-23,GE,GE,S,CBOE,12304
2013-12-24,GE,GE,S,CBOE,10989
2013-12-26,GE,GE,S,CBOE,17622
2013-12-27,GE,GE,S,CBOE,12259
2013-12-30,GE,GE,S,CBOE,9833
2013-12-31,GE,GE,S,CBOE,9585
2014-01-02,GE,GE,S,CBOE,17080
2014-01-03,GE,GE,S,CBOE,14265
2014-01-06,GE,GE,S,CBOE,13026
2014-01-07,GE,GE,S,CBOE,11322
2014-01-08,GE,GE,S,CBOE,7080
2014-01-09,GE,GE,S,CBOE,10173
2014-01-10,GE,GE,S,CBOE,18510
2014-01-13,GE,GE,S,CBOE,17278
2014-01-14,GE,GE,S,CBOE,14317
2014-01-15,GE,GE,S,CBOE,18429
2014-01-16,GE,GE,S,CBOE,25716
2014-01-17,GE,GE,S,CBOE,51114
2014-01-21,GE,GE,S,CBOE,26264
2014-01-22,GE,GE,S,CBOE,14326
2014-01-23,GE,GE,S,CBOE,21967
2014-01-24,GE,GE,S,CBOE,39701
2014-01-27,GE,GE,S,CBOE,29808
2014-01-28,GE,GE,S,CBOE,16262
2014-01-29,GE,GE,S,CBOE,10682
2014-01-30,GE,GE,S,CBOE,11821
2014-01-31,GE,GE,S,CBOE,14590
2014-02-03,GE,GE,S,CBOE,31945
2014-02-04,GE,GE,S,CBOE,19474
2014-02-05,GE,GE,S,CBOE,11872
2014-02-06,GE,GE,S,CBOE,16928
2014-02-07,GE,GE,S,CBOE,15689
2014-02-10,GE,GE,S,CBOE,12714
2014-02-11,GE,GE,S,CBOE,18143
2014-02-12,GE,GE,S,CBOE,13191
2014-02-13,GE,GE,S,CBOE,6749
2014-02-14,GE,GE,S,CBOE,14410
2014-02-18,GE,GE,S,CBOE,12341
2014-02-19,GE,GE,S,CBOE,13601
2014-02-20,GE,GE,S,CBOE,8422
2014-02-21,GE,GE,S,CBOE,17022
2014-02-24,GE,GE,S,CBOE,17886
2014-02-25,GE,GE,S,CBOE,16151
2014-02-26,GE,GE,S,CBOE,9034
2014-02-27,GE,GE,S,CBOE,10690
2014-02-28,GE,GE,S,CBOE,13660
2014-03-03,GE,GE,S,CBOE,13201
2014-03-04,GE,GE,S,CBOE,11460
2014-03-05,GE,GE,S,CBOE,18705
2014-03-06,GE,GE,S,CBOE,16175
2014-03-07,GE,GE,S,CBOE,12301
2014-03-10,GE,GE,S,CBOE,6720
2014-03-11,GE,GE,S,CBOE,7338
2014-03-12,GE,GE,S,CBOE,30650
2014-03-13,GE,GE,S,CBOE,13402
2014-03-14,GE,GE,S,CBOE,35084
2014-03-17,GE,GE,S,CBOE,19344
2014-03-18,GE,GE,S,CBOE,9735
2014-03-19,GE,GE,S,CBOE,15831
2014-03-20,GE,GE,S,CBOE,13865
2014-03-21,GE,GE,S,CBOE,19916
2014-03-24,GE,GE,S,CBOE,15968
2014-03-25,GE,GE,S,CBOE,18631
2014-03-26,GE,GE,S,CBOE,13898
2014-03-27,GE,GE,S,CBOE,8775
2014-03-28,GE,GE,S,CBOE,12381
2014-03-31,GE,GE,S,CBOE,8993
2014-04-01,GE,GE,S,CBOE,5429
2014-04-02,GE,GE,S,CBOE,8385
2014-04-03,GE,GE,S,CBOE,16266
2014-04-04,GE,GE,S,CBOE,16823
2014-04-07,GE,GE,S,CBOE,11352
2014-04-08,GE,GE,S,CBOE,6982
2014-04-09,GE,GE,S,CBOE,12154
2014-04-10,GE,GE,S,CBOE,10761
2014-04-11,GE,GE,S,CBOE,7681
2014-04-14,GE,GE,S,CBOE,6476
2014-04-15,GE,GE,S,CBOE,10014
2014-04-16,GE,GE,S,CBOE,19552
2014-04-17,GE,GE,S,CBOE,35749
2014-04-21,GE,GE,S,CBOE,9301
2014-04-22,GE,GE,S,CBOE,7459
2014-04-23,GE,GE,S,CBOE,7303
2014-04-24,GE,GE,S,CBOE,5920
2014-04-25,GE,GE,S,CBOE,12366
2014-04-28,GE,GE,S,CBOE,11547
2014-04-29,GE,GE,S,CBOE,7518
2014-04-30,GE,GE,S,CBOE,7646
2014-05-01,GE,GE,S,CBOE,12920
2014-05-02,GE,GE,S,CBOE,6552
2014-05-05,GE,GE,S,CBOE,3524
2014-05-06,GE,GE,S,CBOE,6941
2014-05-07,GE,GE,S,CBOE,7224
2014-05-08,GE,GE,S,CBOE,8344
2014-05-09,GE,GE,S,CBOE,5291
2014-05-12,GE,GE,S,CBOE,6796
2014-05-13,GE,GE,S,CBOE,11213
2014-05-14,GE,GE,S,CBOE,12156
2014-05-15,GE,GE,S,CBOE,8594
2014-05-16,GE,GE,S,CBOE,25267
2014-05-19,GE,GE,S,CBOE,5137
2014-05-20,GE,GE,S,CBOE,12025
2014-05-21,GE,GE,S,CBOE,11706
2014-05-22,GE,GE,S,CBOE,5070
2014-05-23,GE,GE,S,CBOE,8662
2014-05-27,GE,GE,S,CBOE,7868
2014-05-28,GE,GE,S,CBOE,5450
2014-05-29,GE,GE,S,CBOE,9032
2014-05-30,GE,GE,S,CBOE,9542
2014-06-02,GE,GE,S,CBOE,8153
2014-06-03,GE,GE,S,CBOE,3552
2014-06-04,GE,GE,S,CBOE,5057
2014-06-05,GE,GE,S,CBOE,15598
2014-06-06,GE,GE,S,CBOE,20169
2014-06-09,GE,GE,S,CBOE,29757
2014-06-10,GE,GE,S,CBOE,11642
2014-06-11,GE,GE,S,CBOE,8326
2014-06-12,GE,GE,S,CBOE,8092
2014-06-13,GE,GE,S,CBOE,8749
2014-06-16,GE,GE,S,CBOE,10949
2014-06-17,GE,GE,S,CBOE,8053
2014-06-18,GE,GE,S,CBOE,8826
2014-06-19,GE,GE,S,CBOE,7647
2014-06-20,GE,GE,S,CBOE,19898
2014-06-23,GE,GE,S,CBOE,14644
2014-06-24,GE,GE,S,CBOE,18994
2014-06-25,GE,GE,S,CBOE,8387
2014-06-26,GE,GE,S,CBOE,8611
2014-06-27,GE,GE,S,CBOE,6686
2014-06-30,GE,GE,S,CBOE,5293
2014-07-01,GE,GE,S,CBOE,5627
2014-07-02,GE,GE,S,CBOE,6738
2014-07-03,GE,GE,S,CBOE,8568
2014-07-07,GE,GE,S,CBOE,6776
2014-07-08,GE,GE,S,CBOE,7926
2014-07-09,GE,GE,S,CBOE,7121
2014-07-10,GE,GE,S,CBOE,5984
2014-07-11,GE,GE,S,CBOE,12631
2014-07-14,GE,GE,S,CBOE,10942
2014-07-15,GE,GE,S,CBOE,9456
2014-07-16,GE,GE,S,CBOE,16541
2014-07-17,GE,GE,S,CBOE,19943
2014-07-18,GE,GE,S,CBOE,14147
2014-07-21,GE,GE,S,CBOE,18083
2014-07-22,GE,GE,S,CBOE,10437
2014-07-23,GE,GE,S,CBOE,8938
2014-07-24,GE,GE,S,CBOE,5505
2014-07-25,GE,GE,S,CBOE,8971
2014-07-28,GE,GE,S,CBOE,11938
2014-07-29,GE,GE,S,CBOE,6458
2014-07-30,GE,GE,S,CBOE,8091
2014-07-31,GE,GE,S,CBOE,26503
2014-08-01,GE,GE,S,CBOE,9007
2014-08-04,GE,GE,S,CBOE,9283
2014-08-05,GE,GE,S,CBOE,6192
2014-08-06,GE,GE,S,CBOE,14756
2014-08-07,GE,GE,S,CBOE,6667
2014-08-08,GE,GE,S,CBOE,5013
2014-08-11,GE,GE,S,CBOE,8284
2014-08-12,GE,GE,S,CBOE,3172
2014-08-13,GE,GE,S,CBOE,4351
2014-08-14,GE,GE,S,CBOE,5817
2014-08-15,GE,GE,S,CBOE,9456
2014-08-18,GE,GE,S,CBOE,9895
2014-08-19,GE,GE,S,CBOE,6182
2014-08-20,GE,GE,S,CBOE,9170
2014-08-21,GE,GE,S,CBOE,6281
2014-08-22,GE,GE,S,CBOE,10235
2014-08-25,GE,GE,S,CBOE,5812
2014-08-26,GE,GE,S,CBOE,7346
2014-08-27,GE,GE,S,CBOE,9656
2014-08-28,GE,GE,S,CBOE,3286
2014-08-29,GE,GE,S,CBOE,11709
2014-09-02,GE,GE,S,CBOE,9620
2014-09-03,GE,GE,S,CBOE,3917
2014-09-04,GE,GE,S,CBOE,6302
2014-09-05,GE,GE,S,CBOE,7835
2014-09-08,GE,GE,S,CBOE,7793
2014-09-09,GE,GE,S,CBOE,4427
2014-09-10,GE,GE,S,CBOE,9101
2014-09-11,GE,GE,S,CBOE,4138
2014-09-12,GE,GE,S,CBOE,6436
2014-09-15,GE,GE,S,CBOE,4857
2014-09-16,GE,GE,S,CBOE,40115
2014-09-17,GE,GE,S,CBOE,37336
2014-09-18,GE,GE,S,CBOE,17071
2014-09-19,GE,GE,S,CBOE,10556
2014-09-22,GE,GE,S,CBOE,11520
2014-09-23,GE,GE,S,CBOE,6542
2014-09-24,GE,GE,S,CBOE,14025
2014-09-25,GE,GE,S,CBOE,9199
2014-09-26,GE,GE,S,CBOE,7505
2014-09-29,GE,GE,S,CBOE,7199
2014-09-30,GE,GE,S,CBOE,4701
2014-10-01,GE,GE,S,CBOE,17915
2014-10-02,GE,GE,S,CBOE,13605
2014-10-03,GE,GE,S,CBOE,6037
2014-10-06,GE,GE,S,CBOE,11234
2014-10-07,GE,GE,S,CBOE,8456
2014-10-08,GE,GE,S,CBOE,14519
2014-10-09,GE,GE,S,CBOE,9556
2014-10-10,GE,GE,S,CBOE,22639
2014-10-13,GE,GE,S,CBOE,14728
2014-10-14,GE,GE,S,CBOE,17507
2014-10-15,GE,GE,S,CBOE,21317
2014-10-16,GE,GE,S,CBOE,19126
2014-10-17,GE,GE,S,CBOE,23467
2014-10-20,GE,GE,S,CBOE,17682
2014-10-21,GE,GE,S,CBOE,17443
2014-10-22,GE,GE,S,CBOE,8535
2014-10-23,GE,GE,S,CBOE,16881
2014-10-24,GE,GE,S,CBOE,7465
2014-10-27,GE,GE,S,CBOE,6756
2014-10-28,GE,GE,S,CBOE,13372
2014-10-29,GE,GE,S,CBOE,4275
2014-10-30,GE,GE,S,CBOE,16359
2014-10-31,GE,GE,S,CBOE,29248
2014-11-03,GE,GE,S,CBOE,11266
2014-11-04,GE,GE,S,CBOE,4177
2014-11-05,GE,GE,S,CBOE,3272
2014-11-06,GE,GE,S,CBOE,21060
2014-11-07,GE,GE,S,CBOE,9708
2014-11-10,GE,GE,S,CBOE,9690
2014-11-11,GE,GE,S,CBOE,4869
2014-11-12,GE,GE,S,CBOE,9408
2014-11-13,GE,GE,S,CBOE,5490
2014-11-14,GE,GE,S,CBOE,10539
2014-11-17,GE,GE,S,CBOE,8300
2014-11-18,GE,GE,S,CBOE,21770
2014-11-19,GE,GE,S,CBOE,17928
2014-11-20,GE,GE,S,CBOE,7663
2014-11-21,GE,GE,S,CBOE,16223
2014-11-24,GE,GE,S,CBOE,7354
2014-11-25,GE,GE,S,CBOE,7212
2014-11-26,GE,GE,S,CBOE,4868
2014-11-28,GE,GE,S,CBOE,9202
2014-12-01,GE,GE,S,CBOE,19359
2014-12-02,GE,GE,S,CBOE,8832
2014-12-03,GE,GE,S,CBOE,6670
2014-12-04,GE,GE,S,CBOE,23774
2014-12-05,GE,GE,S,CBOE,7777
2014-12-08,GE,GE,S,CBOE,17899
2014-12-09,GE,GE,S,CBOE,15363
2014-12-10,GE,GE,S,CBOE,12508
2014-12-11,GE,GE,S,CBOE,7983
2014-12-12,GE,GE,S,CBOE,30548
2014-12-15,GE,GE,S,CBOE,29353
2014-12-16,GE,GE,S,CBOE,20114
2014-12-17,GE,GE,S,CBOE,33211
2014-12-18,GE,GE,S,CBOE,16136
2014-12-19,GE,GE,S,CBOE,17903
2014-12-22,GE,GE,S,CBOE,20460
2014-12-23,GE,GE,S,CBOE,14649
2014-12-24,GE,GE,S,CBOE,5346
2014-12-26,GE,GE,S,CBOE,5778
2014-12-29,GE,GE,S,CBOE,11087
2014-12-30,GE,GE,S,CBOE,6279
2014-12-31,GE,GE,S,CBOE,10285
2015-01-02,GE,GE,S,CBOE,11758
2015-01-05,GE,GE,S,CBOE,14560
2015-01-06,GE,GE,S,CBOE,33220
2015-01-07,GE,GE,S,CBOE,11350
2015-01-08,GE,GE,S,CBOE,18407
2015-01-09,GE,GE,S,CBOE,8213
2015-01-12,GE,GE,S,CBOE,16054
2015-01-13,GE,GE,S,CBOE,10588
2015-01-14,GE,GE,S,CBOE,18288
2015-01-15,GE,GE,S,CBOE,22781
2015-01-16,GE,GE,S,CBOE,17666
2015-01-20,GE,GE,S,CBOE,22142
2015-01-21,GE,GE,S,CBOE,15271
2015-01-22,GE,GE,S,CBOE,33047
2015-01-23,GE,GE,S,CBOE,31633
2015-01-26,GE,GE,S,CBOE,9755
2015-01-27,GE,GE,S,CBOE,11097
2015-01-28,GE,GE,S,CBOE,9135
2015-01-29,GE,GE,S,CBOE,8102
2015-01-30,GE,GE,S,CBOE,8240
2015-02-02,GE,GE,S,CBOE,5751
2015-02-03,GE,GE,S,CBOE,8210
2015-02-04,GE,GE,S,CBOE,5435
2015-02-05,GE,GE,S,CBOE,8742
2015-02-06,GE,GE,S,CBOE,9771
2015-02-09,GE,GE,S,CBOE,9345
2015-02-10,GE,GE,S,CBOE,7200
2015-02-11,GE,GE,S,CBOE,10732
2015-02-12,GE,GE,S,CBOE,9782
2015-02-13,GE,GE,S,CBOE,11305
2015-02-17,GE,GE,S,CBOE,13180
2015-02-18,GE,GE,S,CBOE,16985
2015-02-19,GE,GE,S,CBOE,14165
2015-02-20,GE,GE,S,CBOE,16524
2015-02-23,GE,GE,S,CBOE,5879
2015-02-24,GE,GE,S,CBOE,29174
2015-02-25,GE,GE,S,CBOE,42947
2015-02-26,GE,GE,S,CBOE,7666
2015-02-27,GE,GE,S,CBOE,34350
2015-03-02,GE,GE,S,CBOE,9647
2015-03-03,GE,GE,S,CBOE,10036
2015-03-04,GE,GE,S,CBOE,11829
2015-03-05,GE,GE,S,CBOE,6516
2015-03-06,GE,GE,S,CBOE,13416
2015-03-09,GE,GE,S,CBOE,7268
2015-03-10,GE,GE,S,CBOE,6118
2015-03-11,GE,GE,S,CBOE,8340
2015-03-12,GE,GE,S,CBOE,7170
2015-03-13,GE,GE,S,CBOE,9687
2015-03-16,GE,GE,S,CBOE,12751
2015-03-17,GE,GE,S,CBOE,4640
2015-03-18,GE,GE,S,CBOE,12536
2015-03-19,GE,GE,S,CBOE,5557
2015-03-20,GE,GE,S,CBOE,10457
2015-03-23,GE,GE,S,CBOE,14401
2015-03-24,GE,GE,S,CBOE,5116
2015-03-25,GE,GE,S,CBOE,8836
2015-03-26,GE,GE,S,CBOE,9095
2015-03-27,GE,GE,S,CBOE,11468
2015-03-30,GE,GE,S,CBOE,7852
2015-03-31,GE,GE,S,CBOE,5301
2015-04-01,GE,GE,S,CBOE,11977
2015-04-02,GE,GE,S,CBOE,8409
2015-04-06,GE,GE,S,CBOE,19933
2015-04-07,GE,GE,S,CBOE,5190
2015-04-08,GE,GE,S,CBOE,7545
2015-04-09,GE,GE,S,CBOE,49140
2015-04-10,GE,GE,S,CBOE,166638
2015-04-13,GE,GE,S,CBOE,62564
2015-04-14,GE,GE,S,CBOE,28957
2015-04-15,GE,GE,S,CBOE,26243
2015-04-16,GE,GE,S,CBOE,31779
2015-04-17,GE,GE,S,CBOE,39564
2015-04-20,GE,GE,S,CBOE,24518
2015-04-21,GE,GE,S,CBOE,23259
2015-04-22,GE,GE,S,CBOE,12794
2015-04-23,GE,GE,S,CBOE,11379
2015-04-24,GE,GE,S,CBOE,8836
2015-04-27,GE,GE,S,CBOE,8646
2015-04-28,GE,GE,S,CBOE,12128
2015-04-29,GE,GE,S,CBOE,8059
2015-04-30,GE,GE,S,CBOE,10737
2015-05-01,GE,GE,S,CBOE,7859
2015-05-04,GE,GE,S,CBOE,12807
2015-05-05,GE,GE,S,CBOE,5959
2015-05-06,GE,GE,S,CBOE,6258
2015-05-07,GE,GE,S,CBOE,3614
2015-05-08,GE,GE,S,CBOE,12686
2015-05-11,GE,GE,S,CBOE,8785
2015-05-12,GE,GE,S,CBOE,27118
2015-05-13,GE,GE,S,CBOE,5419
2015-05-14,GE,GE,S,CBOE,15645
2015-05-15,GE,GE,S,CBOE,9832
2015-05-18,GE,GE,S,CBOE,8874
2015-05-19,GE,GE,S,CBOE,6143
2015-05-20,GE,GE,S,CBOE,9807
2015-05-21,GE,GE,S,CBOE,5421
2015-05-22,GE,GE,S,CBOE,6354
2015-05-26,GE,GE,S,CBOE,5610
2015-05-27,GE,GE,S,CBOE,5116
2015-05-28,GE,GE,S,CBOE,7220
2015-05-29,GE,GE,S,CBOE,6576
2015-06-01,GE,GE,S,CBOE,11932
2015-06-02,GE,GE,S,CBOE,5025
2015-06-03,GE,GE,S,CBOE,5885
2015-06-04,GE,GE,S,CBOE,4051
2015-06-05,GE,GE,S,CBOE,5997
2015-06-08,GE,GE,S,CBOE,11621
2015-06-09,GE,GE,S,CBOE,6389
2015-06-10,GE,GE,S,CBOE,10401
2015-06-11,GE,GE,S,CBOE,4981
2015-06-12,GE,GE,S,CBOE,5196
2015-06-15,GE,GE,S,CBOE,9042
2015-06-16,GE,GE,S,CBOE,9704
2015-06-17,GE,GE,S,CBOE,43868
2015-06-18,GE,GE,S,CBOE,12359
2015-06-19,GE,GE,S,CBOE,5330
2015-06-22,GE,GE,S,CBOE,9143
2015-06-23,GE,GE,S,CBOE,8947
2015-06-24,GE,GE,S,CBOE,10581
2015-06-25,GE,GE,S,CBOE,10238
2015-06-26,GE,GE,S,CBOE,3748
2015-06-29,GE,GE,S,CBOE,14042
2015-06-30,GE,GE,S,CBOE,7137
2015-07-01,GE,GE,S,CBOE,6546
2015-07-02,GE,GE,S,CBOE,5882
2015-07-06,GE,GE,S,CBOE,10727
2015-07-07,GE,GE,S,CBOE,10733
2015-07-08,GE,GE,S,CBOE,8410
2015-07-09,GE,GE,S,CBOE,10132
2015-07-10,GE,GE,S,CBOE,6528
2015-07-13,GE,GE,S,CBOE,6396
2015-07-14,GE,GE,S,CBOE,6266
2015-07-15,GE,GE,S,CBOE,4497
2015-07-16,GE,GE,S,CBOE,12120
2015-07-17,GE,GE,S,CBOE,14031
2015-07-20,GE,GE,S,CBOE,6233
2015-07-21,GE,GE,S,CBOE,4001
2015-07-22,GE,GE,S,CBOE,12983
2015-07-23,GE,GE,S,CBOE,4715
2015-07-24,GE,GE,S,CBOE,10875
2015-07-27,GE,GE,S,CBOE,7232
2015-07-28,GE,GE,S,CBOE,4525
2015-07-29,GE,GE,S,CBOE,7317
2015-07-30,GE,GE,S,CBOE,4399
2015-07-31,GE,GE,S,CBOE,3216
2015-08-03,GE,GE,S,CBOE,7289
2015-08-04,GE,GE,S,CBOE,2821
2015-08-05,GE,GE,S,CBOE,2652
2015-08-06,GE,GE,S,CBOE,8906
2015-08-07,GE,GE,S,CBOE,8799
2015-08-10,GE,GE,S,CBOE,5615
2015-08-11,GE,GE,S,CBOE,5012
2015-08-12,GE,GE,S,CBOE,3244
2015-08-13,GE,GE,S,CBOE,1719
2015-08-14,GE,GE,S,CBOE,6497
2015-08-17,GE,GE,S,CBOE,3922
2015-08-18,GE,GE,S,CBOE,3501
2015-08-19,GE,GE,S,CBOE,6410
2015-08-20,GE,GE,S,CBOE,14117
2015-08-21,GE,GE,S,CBOE,19136
2015-08-24,GE,GE,S,CBOE,19483
2015-08-25,GE,GE,S,CBOE,18137
2015-08-26,GE,GE,S,CBOE,12891
2015-08-27,GE,GE,S,CBOE,16602
2015-08-28,GE,GE,S,CBOE,7656
2015-08-31,GE,GE,S,CBOE,4513
2015-09-01,GE,GE,S,CBOE,9725
2015-09-02,GE,GE,S,CBOE,5493
2015-09-03,GE,GE,S,CBOE,9736
2015-09-04,GE,GE,S,CBOE,7107
2015-09-08,GE,GE,S,CBOE,11869
2015-09-09,GE,GE,S,CBOE,8357
2015-09-10,GE,GE,S,CBOE,8713
2015-09-11,GE,GE,S,CBOE,4748
2015-09-14,GE,GE,S,CBOE,2782
2015-09-15,GE,GE,S,CBOE,7292
2015-09-16,GE,GE,S,CBOE,18821
2015-09-17,GE,GE,S,CBOE,18456
2015-09-18,GE,GE,S,CBOE,16439
2015-09-21,GE,GE,S,CBOE,9159
2015-09-22,GE,GE,S,CBOE,10784
2015-09-23,GE,GE,S,CBOE,11066
2015-09-24,GE,GE,S,CBOE,14768
2015-09-25,GE,GE,S,CBOE,8726
2015-09-28,GE,GE,S,CBOE,7793
2015-09-29,GE,GE,S,CBOE,3954
2015-09-30,GE,GE,S,CBOE,14761
2015-10-01,GE,GE,S,CBOE,19927
2015-10-02,GE,GE,S,CBOE,12840
2015-10-05,GE,GE,S,CBOE,72650
2015-10-06,GE,GE,S,CBOE,42917
2015-10-07,GE,GE,S,CBOE,120705
2015-10-08,GE,GE,S,CBOE,18225
2015-10-09,GE,GE,S,CBOE,32993
2015-10-12,GE,GE,S,CBOE,11804
2015-10-13,GE,GE,S,CBOE,13235
2015-10-14,GE,GE,S,CBOE,18206
2015-10-15,GE,GE,S,CBOE,29634
2015-10-16,GE,GE,S,CBOE,110184
2015-10-19,GE,GE,S,CBOE,99463
2015-10-20,GE,GE,S,CBOE,23726
2015-10-21,GE,GE,S,CBOE,11717
2015-10-22,GE,GE,S,CBOE,31880
2015-10-23,GE,GE,S,CBOE,21975
2015-10-26,GE,GE,S,CBOE,7995
2015-10-27,GE,GE,S,CBOE,106558
2015-10-28,GE,GE,S,CBOE,99972
2015-10-29,GE,GE,S,CBOE,10591
2015-10-30,GE,GE,S,CBOE,289814
2015-11-02,GE,GE,S,CBOE,156028
2015-11-03,GE,GE,S,CBOE,199723
2015-11-04,GE,GE,S,CBOE,210738
2015-11-05,GE,GE,S,CBOE,341772
2015-11-06,GE,GE,S,CBOE,377223
2015-11-09,GE,GE,S,CBOE,322066
2015-11-10,GE,GE,S,CBOE,621974
2015-11-11,GE,GE,S,CBOE,367666
2015-11-12,GE,GE,S,CBOE,565474
2015-11-13,GE,GE,S,CBOE,314942
2015-11-16,GE,GE,S,CBOE,147798
2015-11-17,GE,GE,S,CBOE,739448
2015-11-18,GE,GE,S,CBOE,1123471
2015-11-19,GE,GE,S,CBOE,368996
2015-11-20,GE,GE,S,CBOE,31129
2015-11-23,GE,GE,S,CBOE,10961
2015-11-24,GE,GE,S,CBOE,7508
2015-11-25,GE,GE,S,CBOE,21477
2015-11-27,GE,GE,S,CBOE,10068
2015-11-30,GE,GE,S,CBOE,11584
2015-12-01,GE,GE,S,CBOE,6706
2015-12-02,GE,GE,S,CBOE,8807
2015-12-03,GE,GE,S,CBOE,9644
2015-12-04,GE,GE,S,CBOE,12121
2015-12-07,GE,GE,S,CBOE,7909
2015-12-08,GE,GE,S,CBOE,3961
2015-12-09,GE,GE,S,CBOE,7796
2015-12-10,GE,GE,S,CBOE,18166
2015-12-11,GE,GE,S,CBOE,16758
2015-12-14,GE,GE,S,CBOE,28678
2015-12-15,GE,GE,S,CBOE,9617
2015-12-16,GE,GE,S,CBOE,128856
2015-12-17,GE,GE,S,CBOE,15342
2015-12-18,GE,GE,S,CBOE,14015
2015-12-21,GE,GE,S,CBOE,6382
2015-12-22,GE,GE,S,CBOE,9378
2015-12-23,GE,GE,S,CBOE,6212
2015-12-24,GE,GE,S,CBOE,3930
2015-12-28,GE,GE,S,CBOE,6102
2015-12-29,GE,GE,S,CBOE,12197
2015-12-30,GE,GE,S,CBOE,10178
2015-12-31,GE,GE,S,CBOE,15141
2016-01-04,GE,GE,S,CBOE,8987
2016-01-05,GE,GE,S,CBOE,8839
2016-01-06,GE,GE,S,CBOE,7822
2016-01-07,GE,GE,S,CBOE,45740
2016-01-08,GE,GE,S,CBOE,77133
2016-01-11,GE,GE,S,CBOE,19132
2016-01-12,GE,GE,S,CBOE,9483
2016-01-13,GE,GE,S,CBOE,10538
2016-01-14,GE,GE,S,CBOE,8692
2016-01-15,GE,GE,S,CBOE,34052
2016-01-19,GE,GE,S,CBOE,17430
2016-01-20,GE,GE,S,CBOE,267083
2016-01-21,GE,GE,S,CBOE,15382
2016-01-22,GE,GE,S,CBOE,10030
2016-01-25,GE,GE,S,CBOE,10055
2016-01-26,GE,GE,S,CBOE,4277
2016-01-27,GE,GE,S,CBOE,13190
2016-01-28,GE,GE,S,CBOE,3280
2016-01-29,GE,GE,S,CBOE,7146
2016-02-01,GE,GE,S,CBOE,4129
2016-02-02,GE,GE,S,CBOE,4291
2016-02-03,GE,GE,S,CBOE,6563
2016-02-04,GE,GE,S,CBOE,15916
2016-02-05,GE,GE,S,CBOE,11996
2016-02-08,GE,GE,S,CBOE,23069
2016-02-09,GE,GE,S,CBOE,23840
2016-02-10,GE,GE,S,CBOE,13704
2016-02-11,GE,GE,S,CBOE,33753
2016-02-12,GE,GE,S,CBOE,14065
2016-02-16,GE,GE,S,CBOE,13365
2016-02-17,GE,GE,S,CBOE,28355
2016-02-18,GE,GE,S,CBOE,6294
2016-02-19,GE,GE,S,CBOE,36830
2016-02-22,GE,GE,S,CBOE,9551
2016-02-23,GE,GE,S,CBOE,8820
2016-02-24,GE,GE,S,CBOE,21839
2016-02-25,GE,GE,S,CBOE,7397
2016-02-26,GE,GE,S,CBOE,13170
2016-02-29,GE,GE,S,CBOE,5400
2016-03-01,GE,GE,S,CBOE,5005
2016-03-02,GE,GE,S,CBOE,26510
2016-03-03,GE,GE,S,CBOE,8375
2016-03-04,GE,GE,S,CBOE,7047
2016-03-07,GE,GE,S,CBOE,5967
2016-03-08,GE,GE,S,CBOE,3101
2016-03-09,GE,GE,S,CBOE,7883
2016-03-10,GE,GE,S,CBOE,8848
2016-03-11,GE,GE,S,CBOE,22478
2016-03-14,GE,GE,S,CBOE,24183
2016-03-15,GE,GE,S,CBOE,3390
2016-03-16,GE,GE,S,CBOE,36120
2016-03-17,GE,GE,S,CBOE,33526
2016-03-18,GE,GE,S,CBOE,12046
2016-03-21,GE,GE,S,CBOE,9078
2016-03-22,GE,GE,S,CBOE,5591
2016-03-23,GE,GE,S,CBOE,3572
2016-03-24,GE,GE,S,CBOE,7260
2016-03-28,GE,GE,S,CBOE,16537
2016-03-29,GE,GE,S,CBOE,18413
2016-03-30,GE,GE,S,CBOE,17561
2016-03-31,GE,GE,S,CBOE,13325
2016-04-01,GE,GE,S,CBOE,8236
2016-04-04,GE,GE,S,CBOE,8487
2016-04-05,GE,GE,S,CBOE,5875
2016-04-06,GE,GE,S,CBOE,3841
2016-04-07,GE,GE,S,CBOE,9959
2016-04-08,GE,GE,S,CBOE,12278
2016-04-11,GE,GE,S,CBOE,4029
2016-04-12,GE,GE,S,CBOE,35751
2016-04-13,GE,GE,S,CBOE,7339
2016-04-14,GE,GE,S,CBOE,2453
2016-04-15,GE,GE,S,CBOE,28862
2016-04-18,GE,GE,S,CBOE,9269
2016-04-19,GE,GE,S,CBOE,4376
2016-04-20,GE,GE,S,CBOE,14473
2016-04-21,GE,GE,S,CBOE,19267
2016-04-22,GE,GE,S,CBOE,13697
2016-04-25,GE,GE,S,CBOE,5762
2016-04-26,GE,GE,S,CBOE,95223
2016-04-27,GE,GE,S,CBOE,10077
2016-04-28,GE,GE,S,CBOE,11041
2016-04-29,GE,GE,S,CBOE,10793
2016-05-02,GE,GE,S,CBOE,5413
2016-05-03,GE,GE,S,CBOE,16555
2016-05-04,GE,GE,S,CBOE,14584
2016-05-05,GE,GE,S,CBOE,11792
2016-05-06,GE,GE,S,CBOE,6902
2016-05-09,GE,GE,S,CBOE,5946
2016-05-10,GE,GE,S,CBOE,7166
2016-05-11,GE,GE,S,CBOE,3395
2016-05-12,GE,GE,S,CBOE,10385
2016-05-13,GE,GE,S,CBOE,19082
2016-05-16,GE,GE,S,CBOE,5723
2016-05-17,GE,GE,S,CBOE,11516
2016-05-18,GE,GE,S,CBOE,5309
2016-05-19,GE,GE,S,CBOE,11822
2016-05-20,GE,GE,S,CBOE,58911
2016-05-23,GE,GE,S,CBOE,11436
2016-05-24,GE,GE,S,CBOE,9346
2016-05-25,GE,GE,S,CBOE,10246
2016-05-26,GE,GE,S,CBOE,3320
2016-05-27,GE,GE,S,CBOE,2196
2016-05-31,GE,GE,S,CBOE,3923
2016-06-01,GE,GE,S,CBOE,4716
2016-06-02,GE,GE,S,CBOE,4324
2016-06-03,GE,GE,S,CBOE,3794
2016-06-06,GE,GE,S,CBOE,2881
2016-06-07,GE,GE,S,CBOE,7822
2016-06-08,GE,GE,S,CBOE,9637
2016-06-09,GE,GE,S,CBOE,2619
2016-06-10,GE,GE,S,CBOE,16935
2016-06-13,GE,GE,S,CBOE,8122
2016-06-14,GE,GE,S,CBOE,15988
2016-06-15,GE,GE,S,CBOE,20235
2016-06-16,GE,GE,S,CBOE,12932
2016-06-17,GE,GE,S,CBOE,11844
2016-06-20,GE,GE,S,CBOE,8143
2016-06-21,GE,GE,S,CBOE,11614
2016-06-22,GE,GE,S,CBOE,6677
2016-06-23,GE,GE,S,CBOE,15818
2016-06-24,GE,GE,S,CBOE,42148
2016-06-27,GE,GE,S,CBOE,17697
2016-06-28,GE,GE,S,CBOE,13099
2016-06-29,GE,GE,S,CBOE,14768
2016-06-30,GE,GE,S,CBOE,33096
2016-07-01,GE,GE,S,CBOE,14587
2016-07-05,GE,GE,S,CBOE,5134
2016-07-06,GE,GE,S,CBOE,14851
2016-07-07,GE,GE,S,CBOE,18659
2016-07-08,GE,GE,S,CBOE,17981
2016-07-11,GE,GE,S,CBOE,14095
2016-07-12,GE,GE,S,CBOE,16300
2016-07-13,GE,GE,S,CBOE,48867
2016-07-14,GE,GE,S,CBOE,15125
2016-07-15,GE,GE,S,CBOE,18770
2016-07-18,GE,GE,S,CBOE,17195
2016-07-19,GE,GE,S,CBOE,32753
2016-07-20,GE,GE,S,CBOE,7193
2016-07-21,GE,GE,S,CBOE,16215
2016-07-22,GE,GE,S,CBOE,22522
2016-07-25,GE,GE,S,CBOE,16375
2016-07-26,GE,GE,S,CBOE,12598
2016-07-27,GE,GE,S,CBOE,20771
2016-07-28,GE,GE,S,CBOE,32499
2016-07-29,GE,GE,S,CBOE,8428
2016-08-01,GE,GE,S,CBOE,6699
2016-08-02,GE,GE,S,CBOE,6460
2016-08-03,GE,GE,S,CBOE,5672
2016-08-04,GE,GE,S,CBOE,6046
2016-08-05,GE,GE,S,CBOE,11383
2016-08-08,GE,GE,S,CBOE,3942
2016-08-09,GE,GE,S,CBOE,3918
2016-08-10,GE,GE,S,CBOE,4522
2016-08-11,GE,GE,S,CBOE,2720
2016-08-12,GE,GE,S,CBOE,1391
2016-08-15,GE,GE,S,CBOE,3126
2016-08-16,GE,GE,S,CBOE,54521
2016-08-17,GE,GE,S,CBOE,4657
2016-08-18,GE,GE,S,CBOE,7241
2016-08-19,GE,GE,S,CBOE,9720
2016-08-22,GE,GE,S,CBOE,5745
2016-08-23,GE,GE,S,CBOE,5234
2016-08-24,GE,GE,S,CBOE,8184
2016-08-25,GE,GE,S,CBOE,1872
2016-08-26,GE,GE,S,CBOE,3515
2016-08-29,GE,GE,S,CBOE,4300
2016-08-30,GE,GE,S,CBOE,2301
2016-08-31,GE,GE,S,CBOE,3530
2016-09-01,GE,GE,S,CBOE,17702
2016-09-02,GE,GE,S,CBOE,7843
2016-09-06,GE,GE,S,CBOE,8750
2016-09-07,GE,GE,S,CBOE,13540
2016-09-08,GE,GE,S,CBOE,9124
2016-09-09,GE,GE,S,CBOE,31140
2016-09-12,GE,GE,S,CBOE,28161
2016-09-13,GE,GE,S,CBOE,18615
2016-09-14,GE,GE,S,CBOE,20173
2016-09-15,GE,GE,S,CBOE,8241
2016-09-16,GE,GE,S,CBOE,14623
2016-09-19,GE,GE,S,CBOE,22152
2016-09-20,GE,GE,S,CBOE,7933
2016-09-21,GE,GE,S,CBOE,13091
2016-09-22,GE,GE,S,CBOE,14943
2016-09-23,GE,GE,S,CBOE,15529
2016-09-26,GE,GE,S,CBOE,7615
2016-09-27,GE,GE,S,CBOE,6118
2016-09-28,GE,GE,S,CBOE,9969
2016-09-29,GE,GE,S,CBOE,7130
2016-09-30,GE,GE,S,CBOE,4004
2016-10-03,GE,GE,S,CBOE,4646
2016-10-04,GE,GE,S,CBOE,11000
2016-10-05,GE,GE,S,CBOE,4795
2016-10-06,GE,GE,S,CBOE,7999
2016-10-07,GE,GE,S,CBOE,15826
2016-10-10,GE,GE,S,CBOE,10339
2016-10-11,GE,GE,S,CBOE,8560
2016-10-12,GE,GE,S,CBOE,9576
2016-10-13,GE,GE,S,CBOE,13388
2016-10-14,GE,GE,S,CBOE,11104
2016-10-17,GE,GE,S,CBOE,16140
2016-10-18,GE,GE,S,CBOE,11001
2016-10-19,GE,GE,S,CBOE,22983
2016-10-20,GE,GE,S,CBOE,40833
2016-10-21,GE,GE,S,CBOE,27929
2016-10-24,GE,GE,S,CBOE,9212
2016-10-25,GE,GE,S,CBOE,14187
2016-10-26,GE,GE,S,CBOE,3688
2016-10-27,GE,GE,S,CBOE,10920
2016-10-28,GE,GE,S,CBOE,50280
2016-10-31,GE,GE,S,CBOE,18679
2016-11-01,GE,GE,S,CBOE,9734
2016-11-02,GE,GE,S,CBOE,9929
2016-11-03,GE,GE,S,CBOE,5814
2016-11-04,GE,GE,S,CBOE,14499
2016-11-07,GE,GE,S,CBOE,7461
2016-11-08,GE,GE,S,CBOE,9502
2016-11-09,GE,GE,S,CBOE,12614
2016-11-10,GE,GE,S,CBOE,23921
2016-11-11,GE,GE,S,CBOE,15931
2016-11-14,GE,GE,S,CBOE,7963
2016-11-15,GE,GE,S,CBOE,22365
2016-11-16,GE,GE,S,CBOE,10544
2016-11-17,GE,GE,S,CBOE,6600
2016-11-18,GE,GE,S,CBOE,12165
2016-11-21,GE,GE,S,CBOE,7209
2016-11-22,GE,GE,S,CBOE,15187
2016-11-23,GE,GE,S,CBOE,7567
2016-11-25,GE,GE,S,CBOE,8008
2016-11-28,GE,GE,S,CBOE,11138
2016-11-29,GE,GE,S,CBOE,16171
2016-11-30,GE,GE,S,CBOE,20402
2016-12-01,GE,GE,S,CBOE,14101
2016-12-02,GE,GE,S,CBOE,13985
2016-12-05,GE,GE,S,CBOE,6106
2016-12-06,GE,GE,S,CBOE,1887
2016-12-07,GE,GE,S,CBOE,19889
2016-12-08,GE,GE,S,CBOE,14315
2016-12-09,GE,GE,S,CBOE,12942
2016-12-12,GE,GE,S,CBOE,12037
2016-12-13,GE,GE,S,CBOE,11976
2016-12-14,GE,GE,S,CBOE,27555
2016-12-15,GE,GE,S,CBOE,13853
2016-12-16,GE,GE,S,CBOE,13470
2016-12-19,GE,GE,S,CBOE,45496
2016-12-20,GE,GE,S,CBOE,37424
2016-12-21,GE,GE,S,CBOE,14432
2016-12-22,GE,GE,S,CBOE,49326
2016-12-23,GE,GE,S,CBOE,13441
2016-12-27,GE,GE,S,CBOE,3006
2016-12-28,GE,GE,S,CBOE,4172
2016-12-29,GE,GE,S,CBOE,8349
2016-12-30,GE,GE,S,CBOE,14305
2017-01-03,GE,GE,S,CBOE,6682
2017-01-04,GE,GE,S,CBOE,5584
2017-01-05,GE,GE,S,CBOE,9979
2017-01-06,GE,GE,S,CBOE,4971
2017-01-09,GE,GE,S,CBOE,4584
2017-01-10,GE,GE,S,CBOE,2575
2017-01-11,GE,GE,S,CBOE,4537
2017-01-12,GE,GE,S,CBOE,7455
2017-01-13,GE,GE,S,CBOE,6271
2017-01-17,GE,GE,S,CBOE,7787
2017-01-18,GE,GE,S,CBOE,9986
2017-01-19,GE,GE,S,CBOE,27817
2017-01-20,GE,GE,S,CBOE,27841
2017-01-23,GE,GE,S,CBOE,41434
2017-01-24,GE,GE,S,CBOE,17124
2017-01-25,GE,GE,S,CBOE,9762
2017-01-26,GE,GE,S,CBOE,6755
2017-01-27,GE,GE,S,CBOE,5665
2017-01-30,GE,GE,S,CBOE,8164
2017-01-31,GE,GE,S,CBOE,4347
2017-02-01,GE,GE,S,CBOE,3505
2017-02-02,GE,GE,S,CBOE,5058
2017-02-03,GE,GE,S,CBOE,8507
2017-02-06,GE,GE,S,CBOE,5672
2017-02-07,GE,GE,S,CBOE,4049
2017-02-08,GE,GE,S,CBOE,5437
2017-02-09,GE,GE,S,CBOE,3887
2017-02-10,GE,GE,S,CBOE,4518
2017-02-13,GE,GE,S,CBOE,7116
2017-02-14,GE,GE,S,CBOE,6949
2017-02-15,GE,GE,S,CBOE,4572
2017-02-16,GE,GE,S,CBOE,6372
2017-02-17,GE,GE,S,CBOE,7546
2017-02-21,GE,GE,S,CBOE,7391
2017-02-22,GE,GE,S,CBOE,10216
2017-02-23,GE,GE,S,CBOE,7123
2017-02-24,GE,GE,S,CBOE,10308
2017-02-27,GE,GE,S,CBOE,10832
2017-02-28,GE,GE,S,CBOE,10508
2017-03-01,GE,GE,S,CBOE,9637
2017-03-02,GE,GE,S,CBOE,4199
2017-03-03,GE,GE,S,CBOE,4643
2017-03-06,GE,GE,S,CBOE,5579
2017-03-07,GE,GE,S,CBOE,4160
2017-03-08,GE,GE,S,CBOE,5190
2017-03-09,GE,GE,S,CBOE,7199
2017-03-10,GE,GE,S,CBOE,26900
2017-03-13,GE,GE,S,CBOE,9134
2017-03-14,GE,GE,S,CBOE,5603
2017-03-15,GE,GE,S,CBOE,3804
2017-03-16,GE,GE,S,CBOE,4588
2017-03-17,GE,GE,S,CBOE,13930
2017-03-20,GE,GE,S,CBOE,6767
2017-03-21,GE,GE,S,CBOE,9629
2017-03-22,GE,GE,S,CBOE,6515
2017-03-23,GE,GE,S,CBOE,5465
2017-03-24,GE,GE,S,CBOE,4821
2017-03-27,GE,GE,S,CBOE,4365
2017-03-28,GE,GE,S,CBOE,10655
2017-03-29,GE,GE,S,CBOE,3303
2017-03-30,GE,GE,S,CBOE,12306
2017-03-31,GE,GE,S,CBOE,6734
2017-04-03,GE,GE,S,CBOE,4141
2017-04-04,GE,GE,S,CBOE,3981
2017-04-05,GE,GE,S,CBOE,8137
2017-04-06,GE,GE,S,CBOE,6062
2017-04-07,GE,GE,S,CBOE,5790
2017-04-10,GE,GE,S,CBOE,5667
2017-04-11,GE,GE,S,CBOE,5801
2017-04-12,GE,GE,S,CBOE,6393
2017-04-13,GE,GE,S,CBOE,9795
2017-04-17,GE,GE,S,CBOE,5399
2017-04-18,GE,GE,S,CBOE,3183
2017-04-19,GE,GE,S,CBOE,5499
2017-04-20,GE,GE,S,CBOE,27008
2017-04-21,GE,GE,S,CBOE,24350
2017-04-24,GE,GE,S,CBOE,13662
2017-04-25,GE,GE,S,CBOE,12178
2017-04-26,GE,GE,S,CBOE,9464
2017-04-27,GE,GE,S,CBOE,13679
2017-04-28,GE,GE,S,CBOE,10621
2017-05-01,GE,GE,S,CBOE,11159
2017-05-02,GE,GE,S,CBOE,5501
2017-05-03,GE,GE,S,CBOE,6617
2017-05-04,GE,GE,S,CBOE,52087
2017-05-05,GE,GE,S,CBOE,5612
2017-05-08,GE,GE,S,CBOE,3898
2017-05-09,GE,GE,S,CBOE,7786
2017-05-10,GE,GE,S,CBOE,7042
2017-05-11,GE,GE,S,CBOE,17110
2017-05-12,GE,GE,S,CBOE,30133
2017-05-15,GE,GE,S,CBOE,14301
2017-05-16,GE,GE,S,CBOE,5369
2017-05-17,GE,GE,S,CBOE,12581
2017-05-18,GE,GE,S,CBOE,30577
2017-05-19,GE,GE,S,CBOE,24393
2017-05-22,GE,GE,S,CBOE,10841
2017-05-23,GE,GE,S,CBOE,7994
2017-05-24,GE,GE,S,CBOE,21818
2017-05-25,GE,GE,S,CBOE,27889
2017-05-26,GE,GE,S,CBOE,11380
2017-05-30,GE,GE,S,CBOE,9651
2017-05-31,GE,GE,S,CBOE,4571
2017-06-01,GE,GE,S,CBOE,9410
2017-06-02,GE,GE,S,CBOE,8445
2017-06-05,GE,GE,S,CBOE,7573
2017-06-06,GE,GE,S,CBOE,3168
2017-06-07,GE,GE,S,CBOE,6502
2017-06-08,GE,GE,S,CBOE,3442
2017-06-09,GE,GE,S,CBOE,10061
2017-06-12,GE,GE,S,CBOE,32218
2017-06-13,GE,GE,S,CBOE,13236
2017-06-14,GE,GE,S,CBOE,10432
2017-06-15,GE,GE,S,CBOE,11183
2017-06-16,GE,GE,S,CBOE,15473
2017-06-19,GE,GE,S,CBOE,13433
2017-06-20,GE,GE,S,CBOE,11822
2017-06-21,GE,GE,S,CBOE,10374
2017-06-22,GE,GE,S,CBOE,9649
2017-06-23,GE,GE,S,CBOE,8515
2017-06-26,GE,GE,S,CBOE,7006
2017-06-27,GE,GE,S,CBOE,23285
2017-06-28,GE,GE,S,CBOE,15643
2017-06-29,GE,GE,S,CBOE,11124
2017-06-30,GE,GE,S,CBOE,7290
2017-07-03,GE,GE,S,CBOE,6569
2017-07-05,GE,GE,S,CBOE,5394
2017-07-06,GE,GE,S,CBOE,30382
2017-07-07,GE,GE,S,CBOE,17025
2017-07-10,GE,GE,S,CBOE,16903
2017-07-11,GE,GE,S,CBOE,8112
2017-07-12,GE,GE,S,CBOE,18640
2017-07-13,GE,GE,S,CBOE,29934
2017-07-14,GE,GE,S,CBOE,20173
2017-07-17,GE,GE,S,CBOE,5988
2017-07-18,GE,GE,S,CBOE,16762
2017-07-19,GE,GE,S,CBOE,7382
2017-07-20,GE,GE,S,CBOE,25546
2017-07-21,GE,GE,S,CBOE,46788
2017-07-24,GE,GE,S,CBOE,25228
2017-07-25,GE,GE,S,CBOE,41828
2017-07-26,GE,GE,S,CBOE,16114
2017-07-27,GE,GE,S,CBOE,8572
2017-07-28,GE,GE,S,CBOE,11330
2017-07-31,GE,GE,S,CBOE,11731
2017-08-01,GE,GE,S,CBOE,7096
2017-08-02,GE,GE,S,CBOE,9733
2017-08-03,GE,GE,S,CBOE,7599
2017-08-04,GE,GE,S,CBOE,7020
2017-08-07,GE,GE,S,CBOE,4738
2017-08-08,GE,GE,S,CBOE,15750
2017-08-09,GE,GE,S,CBOE,4108
2017-08-10,GE,GE,S,CBOE,10471
2017-08-11,GE,GE,S,CBOE,5886
2017-08-14,GE,GE,S,CBOE,8397
2017-08-15,GE,GE,S,CBOE,8495
2017-08-16,GE,GE,S,CBOE,7368
2017-08-17,GE,GE,S,CBOE,9956
2017-08-18,GE,GE,S,CBOE,14527
2017-08-21,GE,GE,S,CBOE,7516
2017-08-22,GE,GE,S,CBOE,9292
2017-08-23,GE,GE,S,CBOE,5836
2017-08-24,GE,GE,S,CBOE,7691
2017-08-25,GE,GE,S,CBOE,6760
2017-08-28,GE,GE,S,CBOE,6493
2017-08-29,GE,GE,S,CBOE,9975
2017-08-30,GE,GE,S,CBOE,9250
2017-08-31,GE,GE,S,CBOE,11846
2017-09-01,GE,GE,S,CBOE,61326
2017-09-05,GE,GE,S,CBOE,21706
2017-09-06,GE,GE,S,CBOE,5470
2017-09-07,GE,GE,S,CBOE,26760
2017-09-08,GE,GE,S,CBOE,11889
2017-09-11,GE,GE,S,CBOE,20042
2017-09-12,GE,GE,S,CBOE,10594
2017-09-13,GE,GE,S,CBOE,28256
2017-09-14,GE,GE,S,CBOE,11164
2017-09-15,GE,GE,S,CBOE,15130
2017-09-18,GE,GE,S,CBOE,17506
2017-09-19,GE,GE,S,CBOE,27732
2017-09-20,GE,GE,S,CBOE,6999
2017-09-21,GE,GE,S,CBOE,36525
2017-09-22,GE,GE,S,CBOE,26717
2017-09-25,GE,GE,S,CBOE,14592
2017-09-26,GE,GE,S,CBOE,20785
2017-09-27,GE,GE,S,CBOE,18206
2017-09-28,GE,GE,S,CBOE,15327
2017-09-29,GE,GE,S,CBOE,7770
2017-10-02,GE,GE,S,CBOE,25409
2017-10-03,GE,GE,S,CBOE,18631
2017-10-04,GE,GE,S,CBOE,10315
2017-10-05,GE,GE,S,CBOE,22946
2017-10-06,GE,GE,S,CBOE,16328
2017-10-09,GE,GE,S,CBOE,84650
2017-10-10,GE,GE,S,CBOE,41161
2017-10-11,GE,GE,S,CBOE,49184
2017-10-12,GE,GE,S,CBOE,24323
2017-10-13,GE,GE,S,CBOE,22550
2017-10-16,GE,GE,S,CBOE,36208
2017-10-17,GE,GE,S,CBOE,37225
2017-10-18,GE,GE,S,CBOE,27042
2017-10-19,GE,GE,S,CBOE,87021
2017-10-20,GE,GE,S,CBOE,142297
2017-10-23,GE,GE,S,CBOE,86141
2017-10-24,GE,GE,S,CBOE,63669
2017-10-25,GE,GE,S,CBOE,50344
2017-10-26,GE,GE,S,CBOE,38496
2017-10-27,GE,GE,S,CBOE,70785
2017-10-30,GE,GE,S,CBOE,93927
2017-10-31,GE,GE,S,CBOE,58275
2017-11-01,GE,GE,S,CBOE,49340
2017-11-02,GE,GE,S,CBOE,35774
2017-11-03,GE,GE,S,CBOE,58940
2017-11-06,GE,GE,S,CBOE,36376
2017-11-07,GE,GE,S,CBOE,17716
2017-11-08,GE,GE,S,CBOE,39963
2017-11-09,GE,GE,S,CBOE,25429
2017-11-10,GE,GE,S,CBOE,65464
2017-11-13,GE,GE,S,CBOE,104460
2017-11-14,GE,GE,S,CBOE,193714
2017-11-15,GE,GE,S,CBOE,75401
2017-11-16,GE,GE,S,CBOE,53889
2017-11-17,GE,GE,S,CBOE,37126
2017-11-20,GE,GE,S,CBOE,36403
2017-11-21,GE,GE,S,CBOE,27227
2017-11-22,GE,GE,S,CBOE,23298
2017-11-24,GE,GE,S,CBOE,12954
2017-11-27,GE,GE,S,CBOE,41318
2017-11-28,GE,GE,S,CBOE,27621
2017-11-29,GE,GE,S,CBOE,16476
2017-11-30,GE,GE,S,CBOE,31925
2017-12-01,GE,GE,S,CBOE,32422
2017-12-04,GE,GE,S,CBOE,26994
2017-12-05,GE,GE,S,CBOE,37450
2017-12-06,GE,GE,S,CBOE,21604
2017-12-07,GE,GE,S,CBOE,31585
2017-12-08,GE,GE,S,CBOE,22335
2017-12-11,GE,GE,S,CBOE,24045
2017-12-12,GE,GE,S,CBOE,37215
2017-12-13,GE,GE,S,CBOE,18383
2017-12-14,GE,GE,S,CBOE,11993
2017-12-15,GE,GE,S,CBOE,31643
2017-12-18,GE,GE,S,CBOE,23033
2017-12-19,GE,GE,S,CBOE,35200
2017-12-20,GE,GE,S,CBOE,50157
2017-12-21,GE,GE,S,CBOE,23183
2017-12-22,GE,GE,S,CBOE,32703
2017-12-26,GE,GE,S,CBOE,21561
2017-12-27,GE,GE,S,CBOE,27900
2017-12-28,GE,GE,S,CBOE,21214
2017-12-29,GE,GE,S,CBOE,52988
2018-01-02,GE,GE,S,CBOE,45753
2018-01-03,GE,GE,S,CBOE,49700
2018-01-04,GE,GE,S,CBOE,52283
2018-01-05,GE,GE,S,CBOE,61573
2018-01-08,GE,GE,S,CBOE,43928
2018-01-09,GE,GE,S,CBOE,34994
2018-01-10,GE,GE,S,CBOE,77377
2018-01-11,GE,GE,S,CBOE,80704
2018-01-12,GE,GE,S,CBOE,49857
2018-01-16,GE,GE,S,CBOE,91139
2018-01-17,GE,GE,S,CBOE,74092
2018-01-18,GE,GE,S,CBOE,81517
2018-01-19,GE,GE,S,CBOE,131647
2018-01-22,GE,GE,S,CBOE,117339
2018-01-23,GE,GE,S,CBOE,107819
2018-01-24,GE,GE,S,CBOE,87268
2018-01-25,GE,GE,S,CBOE,46998
2018-01-26,GE,GE,S,CBOE,58647
2018-01-29,GE,GE,S,CBOE,35059
2018-01-30,GE,GE,S,CBOE,28424
2018-01-31,GE,GE,S,CBOE,25471
2018-02-01,GE,GE,S,CBOE,23818
2018-02-02,GE,GE,S,CBOE,59916
2018-02-05,GE,GE,S,CBOE,45051
2018-02-06,GE,GE,S,CBOE,57541
2018-02-07,GE,GE,S,CBOE,21315
2018-02-08,GE,GE,S,CBOE,48168
2018-02-09,GE,GE,S,CBOE,61035
2018-02-12,GE,GE,S,CBOE,35361
2018-02-13,GE,GE,S,CBOE,27120
2018-02-14,GE,GE,S,CBOE,86850
2018-02-15,GE,GE,S,CBOE,56272
2018-02-16,GE,GE,S,CBOE,49184
2018-02-20,GE,GE,S,CBOE,25876
2018-02-21,GE,GE,S,CBOE,29456
2018-02-22,GE,GE,S,CBOE,42282
2018-02-23,GE,GE,S,CBOE,27455
2018-02-26,GE,GE,S,CBOE,95348
2018-02-27,GE,GE,S,CBOE,46844
2018-02-28,GE,GE,S,CBOE,38039
2018-03-01,GE,GE,S,CBOE,60638
2018-03-02,GE,GE,S,CBOE,28242
2018-03-05,GE,GE,S,CBOE,64676
2018-03-06,GE,GE,S,CBOE,45420
2018-03-07,GE,GE,S,CBOE,27551
2018-03-08,GE,GE,S,CBOE,27538
2018-03-09,GE,GE,S,CBOE,41918
2018-03-12,GE,GE,S,CBOE,63468
2018-03-13,GE,GE,S,CBOE,65327
2018-03-14,GE,GE,S,CBOE,29014
2018-03-15,GE,GE,S,CBOE,26479
2018-03-16,GE,GE,S,CBOE,29673
2018-03-19,GE,GE,S,CBOE,43892
2018-03-20,GE,GE,S,CBOE,91661
2018-03-21,GE,GE,S,CBOE,27129
2018-03-22,GE,GE,S,CBOE,45011
2018-03-23,GE,GE,S,CBOE,40531
2018-03-26,GE,GE,S,CBOE,80398
2018-03-27,GE,GE,S,CBOE,86694
2018-03-28,GE,GE,S,CBOE,53417
2018-03-29,GE,GE,S,CBOE,38192
2018-04-02,GE,GE,S,CBOE,24599
2018-04-03,GE,GE,S,CBOE,33725
2018-04-04,GE,GE,S,CBOE,27785
2018-04-05,GE,GE,S,CBOE,28007
2018-04-06,GE,GE,S,CBOE,26370
2018-04-09,GE,GE,S,CBOE,32031
2018-04-10,GE,GE,S,CBOE,20848
2018-04-11,GE,GE,S,CBOE,30388
2018-04-12,GE,GE,S,CBOE,34892
2018-04-13,GE,GE,S,CBOE,53412
2018-04-16,GE,GE,S,CBOE,93138
2018-04-17,GE,GE,S,CBOE,38485
2018-04-18,GE,GE,S,CBOE,34552
2018-04-19,GE,GE,S,CBOE,94809
2018-04-20,GE,GE,S,CBOE,165299
2018-04-23,GE,GE,S,CBOE,50475
2018-04-24,GE,GE,S,CBOE,43891
2018-04-25,GE,GE,S,CBOE,61008
2018-04-26,GE,GE,S,CBOE,44232
2018-04-27,GE,GE,S,CBOE,30481
2018-04-30,GE,GE,S,CBOE,20587
2018-05-01,GE,GE,S,CBOE,23299
2018-05-02,GE,GE,S,CBOE,26891
2018-05-03,GE,GE,S,CBOE,15758
2018-05-04,GE,GE,S,CBOE,18657
2018-05-07,GE,GE,S,CBOE,17146
2018-05-08,GE,GE,S,CBOE,32024
2018-05-09,GE,GE,S,CBOE,33540
2018-05-10,GE,GE,S,CBOE,25665
2018-05-11,GE,GE,S,CBOE,28714
2018-05-14,GE,GE,S,CBOE,19978
2018-05-15,GE,GE,S,CBOE,14259
2018-05-16,GE,GE,S,CBOE,39577
2018-05-17,GE,GE,S,CBOE,57898
2018-05-18,GE,GE,S,CBOE,34474
2018-05-21,GE,GE,S,CBOE,60656
2018-05-22,GE,GE,S,CBOE,37741
2018-05-23,GE,GE,S,CBOE,69941
2018-05-24,GE,GE,S,CBOE,30773
2018-05-25,GE,GE,S,CBOE,32469
2018-05-29,GE,GE,S,CBOE,27574
2018-05-30,GE,GE,S,CBOE,23984
2018-05-31,GE,GE,S,CBOE,18272
2018-06-01,GE,GE,S,CBOE,32194
2018-06-04,GE,GE,S,CBOE,43323
2018-06-05,GE,GE,S,CBOE,32546
2018-06-06,GE,GE,S,CBOE,19017
2018-06-07,GE,GE,S,CBOE,13793
2018-06-08,GE,GE,S,CBOE,25360
2018-06-11,GE,GE,S,CBOE,24337
2018-06-12,GE,GE,S,CBOE,14330
2018-06-13,GE,GE,S,CBOE,14118
2018-06-14,GE,GE,S,CBOE,21975
2018-06-15,GE,GE,S,CBOE,26933
2018-06-18,GE,GE,S,CBOE,19614
2018-06-19,GE,GE,S,CBOE,21546
2018-06-20,GE,GE,S,CBOE,57776
2018-06-21,GE,GE,S,CBOE,39430
2018-06-22,GE,GE,S,CBOE,35966
2018-06-25,GE,GE,S,CBOE,32266
2018-06-26,GE,GE,S,CBOE,140142
2018-06-27,GE,GE,S,CBOE,71515
2018-06-28,GE,GE,S,CBOE,26908
2018-06-29,GE,GE,S,CBOE,17649
2018-07-02,GE,GE,S,CBOE,22923
2018-07-03,GE,GE,S,CBOE,13167
2018-07-05,GE,GE,S,CBOE,21492
2018-07-06,GE,GE,S,CBOE,26050
2018-07-09,GE,GE,S,CBOE,29674
2018-07-10,GE,GE,S,CBOE,15394
2018-07-11,GE,GE,S,CBOE,19337
2018-07-12,GE,GE,S,CBOE,14299
2018-07-13,GE,GE,S,CBOE,43018
2018-07-16,GE,GE,S,CBOE,21249
2018-07-17,GE,GE,S,CBOE,23483
2018-07-18,GE,GE,S,CBOE,17804
2018-07-19,GE,GE,S,CBOE,64519
2018-07-20,GE,GE,S,CBOE,97267
2018-07-23,GE,GE,S,CBOE,45716
2018-07-24,GE,GE,S,CBOE,38828
2018-07-25,GE,GE,S,CBOE,18042
2018-07-26,GE,GE,S,CBOE,15214
2018-07-27,GE,GE,S,CBOE,28682
2018-07-30,GE,GE,S,CBOE,11992
2018-07-31,GE,GE,S,CBOE,26733
2018-08-01,GE,GE,S,CBOE,18991
2018-08-02,GE,GE,S,CBOE,10699
2018-08-03,GE,GE,S,CBOE,11168
2018-08-06,GE,GE,S,CBOE,14862
2018-08-07,GE,GE,S,CBOE,19627
2018-08-08,GE,GE,S,CBOE,32328
2018-08-09,GE,GE,S,CBOE,12378
2018-08-10,GE,GE,S,CBOE,24339
2018-08-13,GE,GE,S,CBOE,31567
2018-08-14,GE,GE,S,CBOE,49436
2018-08-15,GE,GE,S,CBOE,38965
2018-08-16,GE,GE,S,CBOE,26165
2018-08-17,GE,GE,S,CBOE,37520
2018-08-20,GE,GE,S,CBOE,17531
2018-08-21,GE,GE,S,CBOE,31186
2018-08-22,GE,GE,S,CBOE,20052
2018-08-23,GE,GE,S,CBOE,17816
2018-08-24,GE,GE,S,CBOE,14687
2018-08-27,GE,GE,S,CBOE,16582
2018-08-28,GE,GE,S,CBOE,11818
2018-08-29,GE,GE,S,CBOE,16453
2018-08-30,GE,GE,S,CBOE,14721
2018-08-31,GE,GE,S,CBOE,14679
2018-09-04,GE,GE,S,CBOE,9947
2018-09-05,GE,GE,S,CBOE,20006
2018-09-06,GE,GE,S,CBOE,11337
2018-09-07,GE,GE,S,CBOE,20903
2018-09-10,GE,GE,S,CBOE,23104
2018-09-11,GE,GE,S,CBOE,13473
2018-09-12,GE,GE,S,CBOE,18363
2018-09-13,GE,GE,S,CBOE,10587
2018-09-14,GE,GE,S,CBOE,21929
2018-09-17,GE,GE,S,CBOE,21016
2018-09-18,GE,GE,S,CBOE,15444
2018-09-19,GE,GE,S,CBOE,42813
2018-09-20,GE,GE,S,CBOE,40522
2018-09-21,GE,GE,S,CBOE,22908
2018-09-24,GE,GE,S,CBOE,37899
2018-09-25,GE,GE,S,CBOE,57033
2018-09-26,GE,GE,S,CBOE,24693
2018-09-27,GE,GE,S,CBOE,33197
2018-09-28,GE,GE,S,CBOE,50939
2018-10-01,GE,GE,S,CBOE,92099
2018-10-02,GE,GE,S,CBOE,58153
2018-10-03,GE,GE,S,CBOE,27460
2018-10-04,GE,GE,S,CBOE,31533
2018-10-05,GE,GE,S,CBOE,85536
2018-10-08,GE,GE,S,CBOE,60717
2018-10-09,GE,GE,S,CBOE,45139
2018-10-10,GE,GE,S,CBOE,40490
2018-10-11,GE,GE,S,CBOE,42431
2018-10-12,GE,GE,S,CBOE,55981
2018-10-15,GE,GE,S,CBOE,53532
2018-10-16,GE,GE,S,CBOE,23414
2018-10-17,GE,GE,S,CBOE,61118
2018-10-18,GE,GE,S,CBOE,32320
2018-10-19,GE,GE,S,CBOE,42058
2018-10-22,GE,GE,S,CBOE,13691
2018-10-23,GE,GE,S,CBOE,62301
2018-10-24,GE,GE,S,CBOE,13948
2018-10-25,GE,GE,S,CBOE,37374
2018-10-26,GE,GE,S,CBOE,43262
2018-10-29,GE,GE,S,CBOE,44176
2018-10-30,GE,GE,S,CBOE,182651
2018-10-31,GE,GE,S,CBOE,101590
2018-11-01,GE,GE,S,CBOE,98133
2018-11-02,GE,GE,S,CBOE,99301
2018-11-05,GE,GE,S,CBOE,47527
2018-11-06,GE,GE,S,CBOE,39847
2018-11-07,GE,GE,S,CBOE,38982
2018-11-08,GE,GE,S,CBOE,36167
2018-11-09,GE,GE,S,CBOE,178273
2018-11-12,GE,GE,S,CBOE,92723
2018-11-13,GE,GE,S,CBOE,84699
2018-11-14,GE,GE,S,CBOE,51443
2018-11-15,GE,GE,S,CBOE,25219
2018-11-16,GE,GE,S,CBOE,56017
2018-11-19,GE,GE,S,CBOE,65012
2018-11-20,GE,GE,S,CBOE,77433
2018-11-21,GE,GE,S,CBOE,29829
2018-11-23,GE,GE,S,CBOE,48774
2018-11-26,GE,GE,S,CBOE,62688
2018-11-27,GE,GE,S,CBOE,24620
2018-11-28,GE,GE,S,CBOE,24993
2018-11-29,GE,GE,S,CBOE,33796
2018-11-30,GE,GE,S,CBOE,43106
2018-12-03,GE,GE,S,CBOE,53489
2018-12-04,GE,GE,S,CBOE,31431
2018-12-06,GE,GE,S,CBOE,23081
2018-12-07,GE,GE,S,CBOE,33290
2018-12-10,GE,GE,S,CBOE,45552
2018-12-11,GE,GE,S,CBOE,25721
2018-12-12,GE,GE,S,CBOE,32468
2018-12-13,GE,GE,S,CBOE,44716
2018-12-14,GE,GE,S,CBOE,20952
2018-12-17,GE,GE,S,CBOE,19471
2018-12-18,GE,GE,S,CBOE,79661
2018-12-19,GE,GE,S,CBOE,42557
2018-12-20,GE,GE,S,CBOE,24230
2018-12-21,GE,GE,S,CBOE,21880
2018-12-24,GE,GE,S,CBOE,13796
2018-12-26,GE,GE,S,CBOE,44044
2018-12-27,GE,GE,S,CBOE,22266
2018-12-28,GE,GE,S,CBOE,41668
2018-12-31,GE,GE,S,CBOE,24760
2019-01-02,GE,GE,S,CBOE,48857
2019-01-03,GE,GE,S,CBOE,22049
2019-01-04,GE,GE,S,CBOE,45099
2019-01-07,GE,GE,S,CBOE,69166
2019-01-08,GE,GE,S,CBOE,42282
2019-01-09,GE,GE,S,CBOE,37131
2019-01-10,GE,GE,S,CBOE,64403
2019-01-11,GE,GE,S,CBOE,41736
2019-01-14,GE,GE,S,CBOE,56891
2019-01-15,GE,GE,S,CBOE,32586
2019-01-16,GE,GE,S,CBOE,30645
2019-01-17,GE,GE,S,CBOE,72008
2019-01-18,GE,GE,S,CBOE,46219
2019-01-22,GE,GE,S,CBOE,49665
2019-01-23,GE,GE,S,CBOE,31893
2019-01-24,GE,GE,S,CBOE,28687
2019-01-25,GE,GE,S,CBOE,53743
2019-01-28,GE,GE,S,CBOE,33046
2019-01-29,GE,GE,S,CBOE,32533
2019-01-30,GE,GE,S,CBOE,60224
2019-01-31,GE,GE,S,CBOE,141911
2019-02-01,GE,GE,S,CBOE,72810
2019-02-04,GE,GE,S,CBOE,26293
2019-02-05,GE,GE,S,CBOE,34786
2019-02-06,GE,GE,S,CBOE,38576
2019-02-07,GE,GE,S,CBOE,30468
2019-02-08,GE,GE,S,CBOE,52319
2019-02-11,GE,GE,S,CBOE,26266
2019-02-12,GE,GE,S,CBOE,30496
2019-02-13,GE,GE,S,CBOE,44069
2019-02-14,GE,GE,S,CBOE,51695
2019-02-15,GE,GE,S,CBOE,27177
2019-02-19,GE,GE,S,CBOE,25061
2019-02-20,GE,GE,S,CBOE,17806
2019-02-21,GE,GE,S,CBOE,18402
2019-02-22,GE,GE,S,CBOE,24779
2019-02-25,GE,GE,S,CBOE,114216
2019-02-27,GE,GE,S,CBOE,9058
2019-02-28,GE,GE,S,CBOE,28650
2019-03-01,GE,GE,S,CBOE,31280
2019-03-04,GE,GE,S,CBOE,25924
2019-03-05,GE,GE,S,CBOE,59989
2019-03-06,GE,GE,S,CBOE,85427
2019-03-07,GE,GE,S,CBOE,43320
2019-03-08,GE,GE,S,CBOE,26891
2019-03-11,GE,GE,S,CBOE,36025
2019-03-12,GE,GE,S,CBOE,30515
2019-03-13,GE,GE,S,CBOE,29104
2019-03-14,GE,GE,S,CBOE,35996
2019-03-15,GE,GE,S,CBOE,33933
2019-03-18,GE,GE,S,CBOE,25936
2019-03-19,GE,GE,S,CBOE,12448
2019-03-20,GE,GE,S,CBOE,13007
2019-03-21,GE,GE,S,CBOE,8728
2019-03-22,GE,GE,S,CBOE,15616
2019-03-25,GE,GE,S,CBOE,12468
2019-03-26,GE,GE,S,CBOE,10602
2019-03-27,GE,GE,S,CBOE,8723
2019-03-28,GE,GE,S,CBOE,7526
2019-03-29,GE,GE,S,CBOE,12029
2019-04-01,GE,GE,S,CBOE,14700
2019-04-02,GE,GE,S,CBOE,8995
2019-04-03,GE,GE,S,CBOE,13640
2019-04-04,GE,GE,S,CBOE,10854
2019-04-05,GE,GE,S,CBOE,31523
2019-04-08,GE,GE,S,CBOE,86985
2019-04-09,GE,GE,S,CBOE,33393
2019-04-10,GE,GE,S,CBOE,19410
2019-04-11,GE,GE,S,CBOE,13084
2019-04-12,GE,GE,S,CBOE,28518
2019-04-15,GE,GE,S,CBOE,20055
2019-04-16,GE,GE,S,CBOE,15589
2019-04-17,GE,GE,S,CBOE,9545
2019-04-18,GE,GE,S,CBOE,15489
2019-04-22,GE,GE,S,CBOE,11976
2019-04-23,GE,GE,S,CBOE,9506
2019-04-24,GE,GE,S,CBOE,9391
2019-04-25,GE,GE,S,CBOE,14495
2019-04-26,GE,GE,S,CBOE,31854
2019-04-29,GE,GE,S,CBOE,46569
2019-04-30,GE,GE,S,CBOE,43875
2019-05-01,GE,GE,S,CBOE,36519
2019-05-02,GE,GE,S,CBOE,21148
2019-05-03,GE,GE,S,CBOE,23770
2019-05-06,GE,GE,S,CBOE,18599
2019-05-07,GE,GE,S,CBOE,14769
2019-05-08,GE,GE,S,CBOE,11542
2019-05-09,GE,GE,S,CBOE,9847
2019-05-10,GE,GE,S,CBOE,18141
2019-05-13,GE,GE,S,CBOE,13005
2019-05-14,GE,GE,S,CBOE,20359
2019-05-15,GE,GE,S,CBOE,10439
2019-05-16,GE,GE,S,CBOE,10393
2019-05-17,GE,GE,S,CBOE,18993
2019-05-20,GE,GE,S,CBOE,12383
2019-05-21,GE,GE,S,CBOE,8848
2019-05-22,GE,GE,S,CBOE,10640
2019-05-23,GE,GE,S,CBOE,10700
2019-05-24,GE,GE,S,CBOE,10654
2019-05-28,GE,GE,S,CBOE,17671
2019-05-29,GE,GE,S,CBOE,14384
2019-05-30,GE,GE,S,CBOE,6950
2019-05-31,GE,GE,S,CBOE,40633
2019-06-03,GE,GE,S,CBOE,8699
2019-06-04,GE,GE,S,CBOE,18386
2019-06-05,GE,GE,S,CBOE,8629
2019-06-06,GE,GE,S,CBOE,10861
2019-06-07,GE,GE,S,CBOE,13141
2019-06-10,GE,GE,S,CBOE,27407
2019-06-11,GE,GE,S,CBOE,7988
2019-06-12,GE,GE,S,CBOE,11886
2019-06-13,GE,GE,S,CBOE,12820
2019-06-14,GE,GE,S,CBOE,11914
2019-06-17,GE,GE,S,CBOE,10737
2019-06-18,GE,GE,S,CBOE,36497
2019-06-19,GE,GE,S,CBOE,11828
2019-06-20,GE,GE,S,CBOE,20354
2019-06-21,GE,GE,S,CBOE,19279
2019-06-24,GE,GE,S,CBOE,15698
2019-06-25,GE,GE,S,CBOE,9793
2019-06-26,GE,GE,S,CBOE,7634
2019-06-27,GE,GE,S,CBOE,8989
2019-06-28,GE,GE,S,CBOE,7952
2019-07-01,GE,GE,S,CBOE,12917
2019-07-02,GE,GE,S,CBOE,7383
2019-07-03,GE,GE,S,CBOE,5864
2019-07-05,GE,GE,S,CBOE,9248
2019-07-08,GE,GE,S,CBOE,14099
2019-07-09,GE,GE,S,CBOE,9938
2019-07-10,GE,GE,S,CBOE,8357
2019-07-11,GE,GE,S,CBOE,7662
2019-07-12,GE,GE,S,CBOE,9625
2019-07-15,GE,GE,S,CBOE,9820
2019-07-16,GE,GE,S,CBOE,8660
2019-07-17,GE,GE,S,CBOE,11842
2019-07-18,GE,GE,S,CBOE,12670
2019-07-19,GE,GE,S,CBOE,9014
2019-07-22,GE,GE,S,CBOE,7811
2019-07-23,GE,GE,S,CBOE,21100
2019-07-24,GE,GE,S,CBOE,11040
2019-07-25,GE,GE,S,CBOE,6639
2019-07-26,GE,GE,S,CBOE,12986
2019-07-29,GE,GE,S,CBOE,17145
2019-07-30,GE,GE,S,CBOE,21995
2019-07-31,GE,GE,S,CBOE,51911
2019-08-01,GE,GE,S,CBOE,20509
2019-08-02,GE,GE,S,CBOE,25695
2019-08-05,GE,GE,S,CBOE,14688
2019-08-06,GE,GE,S,CBOE,15953
2019-08-07,GE,GE,S,CBOE,19800
2019-08-08,GE,GE,S,CBOE,14072
2019-08-09,GE,GE,S,CBOE,17614
2019-08-12,GE,GE,S,CBOE,24489
2019-08-13,GE,GE,S,CBOE,30917
2019-08-14,GE,GE,S,CBOE,18758
2019-08-15,GE,GE,S,CBOE,294872
2019-08-16,GE,GE,S,CBOE,110349
2019-08-19,GE,GE,S,CBOE,38756
2019-08-20,GE,GE,S,CBOE,84152
2019-08-21,GE,GE,S,CBOE,40462
2019-08-22,GE,GE,S,CBOE,32833
2019-08-23,GE,GE,S,CBOE,58987
2019-08-26,GE,GE,S,CBOE,26077
2019-08-27,GE,GE,S,CBOE,14326
2019-08-28,GE,GE,S,CBOE,15066
2019-08-29,GE,GE,S,CBOE,19224
2019-08-30,GE,GE,S,CBOE,14543
2019-09-03,GE,GE,S,CBOE,13435
2019-09-04,GE,GE,S,CBOE,49712
2019-09-05,GE,GE,S,CBOE,39845
2019-09-06,GE,GE,S,CBOE,15292
2019-09-09,GE,GE,S,CBOE,17971
2019-09-10,GE,GE,S,CBOE,29600
2019-09-11,GE,GE,S,CBOE,21025
2019-09-12,GE,GE,S,CBOE,21184
2019-09-13,GE,GE,S,CBOE,13258
2019-09-16,GE,GE,S,CBOE,20846
2019-09-17,GE,GE,S,CBOE,9690
2019-09-18,GE,GE,S,CBOE,20652
2019-09-19,GE,GE,S,CBOE,16508
2019-09-20,GE,GE,S,CBOE,15013
2019-09-23,GE,GE,S,CBOE,16150
2019-09-24,GE,GE,S,CBOE,36315
2019-09-25,GE,GE,S,CBOE,19198
2019-09-26,GE,GE,S,CBOE,11043
2019-09-27,GE,GE,S,CBOE,12348
2019-09-30,GE,GE,S,CBOE,8721
2019-10-01,GE,GE,S,CBOE,28083
2019-10-02,GE,GE,S,CBOE,11336
2019-10-03,GE,GE,S,CBOE,15136
2019-10-04,GE,GE,S,CBOE,15991
2019-10-07,GE,GE,S,CBOE,6508
2019-10-08,GE,GE,S,CBOE,13987
2019-10-09,GE,GE,S,CBOE,10384
2019-10-10,GE,GE,S,CBOE,9869
2019-10-11,GE,GE,S,CBOE,18375
2019-10-14,GE,GE,S,CBOE,5870
2019-10-15,GE,GE,S,CBOE,27240
2019-10-16,GE,GE,S,CBOE,10509
2019-10-17,GE,GE,S,CBOE,11631
2019-10-18,GE,GE,S,CBOE,13183
2019-10-21,GE,GE,S,CBOE,15835
2019-10-22,GE,GE,S,CBOE,14974
2019-10-23,GE,GE,S,CBOE,11384
2019-10-24,GE,GE,S,CBOE,8512
2019-10-25,GE,GE,S,CBOE,14333
2019-10-28,GE,GE,S,CBOE,7181
2019-10-29,GE,GE,S,CBOE,37307
2019-10-30,GE,GE,S,CBOE,94965
2019-10-31,GE,GE,S,CBOE,20866
2019-11-01,GE,GE,S,CBOE,33265
2019-11-04,GE,GE,S,CBOE,58895
2019-11-05,GE,GE,S,CBOE,38749
2019-11-06,GE,GE,S,CBOE,23513
2019-11-07,GE,GE,S,CBOE,52647
2019-11-08,GE,GE,S,CBOE,38132
2019-11-11,GE,GE,S,CBOE,31634
2019-11-12,GE,GE,S,CBOE,25305
2019-11-13,GE,GE,S,CBOE,24097
2019-11-14,GE,GE,S,CBOE,11099
2019-11-15,GE,GE,S,CBOE,19843
2019-11-18,GE,GE,S,CBOE,9344
2019-11-19,GE,GE,S,CBOE,20638
2019-11-20,GE,GE,S,CBOE,14644
2019-11-21,GE,GE,S,CBOE,16135
2019-11-22,GE,GE,S,CBOE,26934
2019-11-25,GE,GE,S,CBOE,23216
2019-11-26,GE,GE,S,CBOE,14819
2019-11-27,GE,GE,S,CBOE,11569
2019-11-29,GE,GE,S,CBOE,23093
2019-12-02,GE,GE,S,CBOE,13573
2019-12-03,GE,GE,S,CBOE,18012
2019-12-04,GE,GE,S,CBOE,12585
2019-12-05,GE,GE,S,CBOE,10034
2019-12-06,GE,GE,S,CBOE,10647
2019-12-09,GE,GE,S,CBOE,7902
2019-12-10,GE,GE,S,CBOE,5835
2019-12-11,GE,GE,S,CBOE,17323
2019-12-12,GE,GE,S,CBOE,36218
2019-12-13,GE,GE,S,CBOE,16462
2019-12-16,GE,GE,S,CBOE,41833
2019-12-17,GE,GE,S,CBOE,13321
2019-12-18,GE,GE,S,CBOE,14065
2019-12-19,GE,GE,S,CBOE,10858
2019-12-20,GE,GE,S,CBOE,27219
2019-12-23,GE,GE,S,CBOE,17569
2019-12-24,GE,GE,S,CBOE,5997
2019-12-26,GE,GE,S,CBOE,9955
2019-12-27,GE,GE,S,CBOE,14208
2019-12-30,GE,GE,S,CBOE,9273
2019-12-31,GE,GE,S,CBOE,9111
2020-01-02,GE,GE,S,CBOE,32859
2020-01-03,GE,GE,S,CBOE,20422
2020-01-06,GE,GE,S,CBOE,45661
2020-01-07,GE,GE,S,CBOE,23425
2020-01-08,GE,GE,S,CBOE,11076
2020-01-09,GE,GE,S,CBOE,15003
2020-01-10,GE,GE,S,CBOE,24231
2020-01-13,GE,GE,S,CBOE,47654
2020-01-14,GE,GE,S,CBOE,18187
2020-01-15,GE,GE,S,CBOE,12935
2020-01-16,GE,GE,S,CBOE,11399
2020-01-17,GE,GE,S,CBOE,22033
2020-01-21,GE,GE,S,CBOE,19293
2020-01-22,GE,GE,S,CBOE,108208
2020-01-23,GE,GE,S,CBOE,30981
2020-01-24,GE,GE,S,CBOE,26724
2020-01-27,GE,GE,S,CBOE,23708
2020-01-28,GE,GE,S,CBOE,32738
2020-01-29,GE,GE,S,CBOE,273555
2020-01-30,GE,GE,S,CBOE,42503
2020-01-31,GE,GE,S,CBOE,38267
2020-02-03,GE,GE,S,CBOE,22842
2020-02-04,GE,GE,S,CBOE,20754
2020-02-05,GE,GE,S,CBOE,26909
2020-02-06,GE,GE,S,CBOE,31063
2020-02-07,GE,GE,S,CBOE,34754
2020-02-10,GE,GE,S,CBOE,15922
2020-02-11,GE,GE,S,CBOE,10488
2020-02-12,GE,GE,S,CBOE,29502
2020-02-13,GE,GE,S,CBOE,22288
2020-02-14,GE,GE,S,CBOE,27984
2020-02-18,GE,GE,S,CBOE,17704
2020-02-19,GE,GE,S,CBOE,24380
2020-02-20,GE,GE,S,CBOE,11642
2020-02-21,GE,GE,S,CBOE,20217
2020-02-24,GE,GE,S,CBOE,18658
2020-02-25,GE,GE,S,CBOE,21883
2020-02-26,GE,GE,S,CBOE,21335
2020-02-27,GE,GE,S,CBOE,24351
2020-02-28,GE,GE,S,CBOE,38534
2020-03-02,GE,GE,S,CBOE,32475
2020-03-03,GE,GE,S,CBOE,28169
2020-03-04,GE,GE,S,CBOE,31804
2020-03-05,GE,GE,S,CBOE,47608
2020-03-06,GE,GE,S,CBOE,54142
2020-03-09,GE,GE,S,CBOE,37593
2020-03-10,GE,GE,S,CBOE,27772
2020-03-11,GE,GE,S,CBOE,26530
2020-03-12,GE,GE,S,CBOE,41793
2020-03-13,GE,GE,S,CBOE,42656
2020-03-16,GE,GE,S,CBOE,32584
2020-03-17,GE,GE,S,CBOE,30228
2020-03-18,GE,GE,S,CBOE,40332
2020-03-19,GE,GE,S,CBOE,36760
2020-03-20,GE,GE,S,CBOE,33764
2020-03-23,GE,GE,S,CBOE,33585
2020-03-24,GE,GE,S,CBOE,44447
2020-03-25,GE,GE,S,CBOE,64055
2020-03-26,GE,GE,S,CBOE,68332
2020-03-27,GE,GE,S,CBOE,36624
2020-03-30,GE,GE,S,CBOE,21432
2020-03-31,GE,GE,S,CBOE,11770
2020-04-01,GE,GE,S,CBOE,44297
2020-04-02,GE,GE,S,CBOE,37090
2020-04-03,GE,GE,S,CBOE,34598
2020-04-06,GE,GE,S,CBOE,31231
2020-04-07,GE,GE,S,CBOE,46522
2020-04-08,GE,GE,S,CBOE,24100
2020-04-09,GE,GE,S,CBOE,22708
2020-04-13,GE,GE,S,CBOE,14307
2020-04-14,GE,GE,S,CBOE,27521
2020-04-15,GE,GE,S,CBOE,23627
2020-04-16,GE,GE,S,CBOE,18638
2020-04-17,GE,GE,S,CBOE,32812
2020-04-20,GE,GE,S,CBOE,18895
2020-04-21,GE,GE,S,CBOE,15511
2020-04-22,GE,GE,S,CBOE,20631
2020-04-23,GE,GE,S,CBOE,25352
2020-04-24,GE,GE,S,CBOE,24104
2020-04-27,GE,GE,S,CBOE,21143
2020-04-28,GE,GE,S,CBOE,46245
2020-04-29,GE,GE,S,CBOE,41054
2020-04-30,GE,GE,S,CBOE,31429
2020-05-01,GE,GE,S,CBOE,23054
2020-05-04,GE,GE,S,CBOE,26550
2020-05-05,GE,GE,S,CBOE,35633
2020-05-06,GE,GE,S,CBOE,25711
2020-05-07,GE,GE,S,CBOE,16022
2020-05-08,GE,GE,S,CBOE,18784
2020-05-11,GE,GE,S,CBOE,15689
2020-05-12,GE,GE,S,CBOE,17503
2020-05-13,GE,GE,S,CBOE,65289
2020-05-14,GE,GE,S,CBOE,38583
2020-05-15,GE,GE,S,CBOE,30041
2020-05-18,GE,GE,S,CBOE,72492
2020-05-19,GE,GE,S,CBOE,28614
2020-05-20,GE,GE,S,CBOE,20694
2020-05-21,GE,GE,S,CBOE,16362
2020-05-22,GE,GE,S,CBOE,11326
2020-05-26,GE,GE,S,CBOE,29920
2020-05-27,GE,GE,S,CBOE,65253
2020-05-28,GE,GE,S,CBOE,34583
2020-05-29,GE,GE,S,CBOE,27625
2020-06-01,GE,GE,S,CBOE,25709
2020-06-02,GE,GE,S,CBOE,41200
2020-06-03,GE,GE,S,CBOE,35922
2020-06-04,GE,GE,S,CBOE,59006
2020-06-05,GE,GE,S,CBOE,89240
2020-06-08,GE,GE,S,CBOE,109795
2020-06-09,GE,GE,S,CBOE,53599
2020-06-10,GE,GE,S,CBOE,57565
2020-06-11,GE,GE,S,CBOE,57791
2020-06-12,GE,GE,S,CBOE,44555
2020-06-15,GE,GE,S,CBOE,32457
2020-06-16,GE,GE,S,CBOE,36764
2020-06-17,GE,GE,S,CBOE,24472
2020-06-18,GE,GE,S,CBOE,21288
2020-06-19,GE,GE,S,CBOE,28986
2020-06-22,GE,GE,S,CBOE,23484
2020-06-23,GE,GE,S,CBOE,10655
2020-06-24,GE,GE,S,CBOE,23014
2020-06-25,GE,GE,S,CBOE,17338
2020-06-26,GE,GE,S,CBOE,14734
2020-06-29,GE,GE,S,CBOE,19694
2020-06-30,GE,GE,S,CBOE,8923
2020-07-01,GE,GE,S,CBOE,10906
2020-07-02,GE,GE,S,CBOE,12932
2020-07-06,GE,GE,S,CBOE,11826
2020-07-07,GE,GE,S,CBOE,10507
2020-07-08,GE,GE,S,CBOE,6981
2020-07-09,GE,GE,S,CBOE,14094
2020-07-10,GE,GE,S,CBOE,6698
2020-07-13,GE,GE,S,CBOE,9728
2020-07-14,GE,GE,S,CBOE,12796
2020-07-15,GE,GE,S,CBOE,44939
2020-07-16,GE,GE,S,CBOE,17797
2020-07-17,GE,GE,S,CBOE,21746
2020-07-20,GE,GE,S,CBOE,17861
2020-07-21,GE,GE,S,CBOE,17605
2020-07-22,GE,GE,S,CBOE,16268
2020-07-23,GE,GE,S,CBOE,11195
2020-07-24,GE,GE,S,CBOE,40383
2020-07-27,GE,GE,S,CBOE,26639
2020-07-28,GE,GE,S,CBOE,26713
2020-07-29,GE,GE,S,CBOE,49787
2020-07-30,GE,GE,S,CBOE,30615
2020-07-31,GE,GE,S,CBOE,108388
2020-08-03,GE,GE,S,CBOE,17997
2020-08-04,GE,GE,S,CBOE,11655
2020-08-05,GE,GE,S,CBOE,16688
2020-08-06,GE,GE,S,CBOE,17970
2020-08-07,GE,GE,S,CBOE,11292
2020-08-10,GE,GE,S,CBOE,21389
2020-08-11,GE,GE,S,CBOE,26081
2020-08-12,GE,GE,S,CBOE,13882
2020-08-13,GE,GE,S,CBOE,11361
2020-08-14,GE,GE,S,CBOE,9441
2020-08-17,GE,GE,S,CBOE,15912
2020-08-18,GE,GE,S,CBOE,10326
2020-08-19,GE,GE,S,CBOE,13304
2020-08-20,GE,GE,S,CBOE,18694
2020-08-21,GE,GE,S,CBOE,13003
2020-08-24,GE,GE,S,CBOE,15112
2020-08-25,GE,GE,S,CBOE,9467
2020-08-26,GE,GE,S,CBOE,7166
2020-08-27,GE,GE,S,CBOE,6840
2020-08-28,GE,GE,S,CBOE,9669
2020-08-31,GE,GE,S,CBOE,24954
2020-09-01,GE,GE,S,CBOE,12819
2020-09-02,GE,GE,S,CBOE,11223
2020-09-03,GE,GE,S,CBOE,16977
2020-09-04,GE,GE,S,CBOE,15729
2020-09-08,GE,GE,S,CBOE,10985
2020-09-09,GE,GE,S,CBOE,10401
2020-09-10,GE,GE,S,CBOE,24064
2020-09-11,GE,GE,S,CBOE,11036
2020-09-14,GE,GE,S,CBOE,12912
2020-09-15,GE,GE,S,CBOE,11466
2020-09-16,GE,GE,S,CBOE,69547
2020-09-17,GE,GE,S,CBOE,63564
2020-09-18,GE,GE,S,CBOE,24935
2020-09-21,GE,GE,S,CBOE,27427
2020-09-22,GE,GE,S,CBOE,17191
2020-09-23,GE,GE,S,CBOE,10633
2020-09-24,GE,GE,S,CBOE,18705
2020-09-25,GE,GE,S,CBOE,10922
2020-09-28,GE,GE,S,CBOE,13717
2020-09-29,GE,GE,S,CBOE,12827
2020-09-30,GE,GE,S,CBOE,13776
2020-10-01,GE,GE,S,CBOE,6695
2020-10-02,GE,GE,S,CBOE,14780
2020-10-05,GE,GE,S,CBOE,11348
2020-10-06,GE,GE,S,CBOE,35592
2020-10-07,GE,GE,S,CBOE,12840
2020-10-08,GE,GE,S,CBOE,22595
2020-10-09,GE,GE,S,CBOE,46540
2020-10-12,GE,GE,S,CBOE,35200
2020-10-13,GE,GE,S,CBOE,15071
2020-10-14,GE,GE,S,CBOE,11617
2020-10-15,GE,GE,S,CBOE,25316
2020-10-16,GE,GE,S,CBOE,65496
2020-10-19,GE,GE,S,CBOE,39602
2020-10-20,GE,GE,S,CBOE,15925
2020-10-21,GE,GE,S,CBOE,10493
2020-10-22,GE,GE,S,CBOE,41521
2020-10-23,GE,GE,S,CBOE,40867
2020-10-26,GE,GE,S,CBOE,21315
2020-10-27,GE,GE,S,CBOE,33743
2020-10-28,GE,GE,S,CBOE,58836
2020-10-29,GE,GE,S,CBOE,27027
2020-10-30,GE,GE,S,CBOE,19452
2020-11-02,GE,GE,S,CBOE,25490
2020-11-03,GE,GE,S,CBOE,34751
2020-11-04,GE,GE,S,CBOE,28722
2020-11-05,GE,GE,S,CBOE,19648
2020-11-06,GE,GE,S,CBOE,21761
2020-11-09,GE,GE,S,CBOE,56679
2020-11-10,GE,GE,S,CBOE,36048
2020-11-11,GE,GE,S,CBOE,18512
2020-11-12,GE,GE,S,CBOE,19407
2020-11-13,GE,GE,S,CBOE,48560
2020-11-16,GE,GE,S,CBOE,56254
2020-11-17,GE,GE,S,CBOE,35743
2020-11-18,GE,GE,S,CBOE,66190
2020-11-19,GE,GE,S,CBOE,28105
2020-11-20,GE,GE,S,CBOE,30324
2020-11-23,GE,GE,S,CBOE,51172
2020-11-24,GE,GE,S,CBOE,81254
2020-11-25,GE,GE,S,CBOE,29037
2020-11-27,GE,GE,S,CBOE,21133
2020-11-30,GE,GE,S,CBOE,23062
2020-12-01,GE,GE,S,CBOE,19208
2020-12-02,GE,GE,S,CBOE,20802
2020-12-03,GE,GE,S,CBOE,33608
2020-12-04,GE,GE,S,CBOE,39063
2020-12-07,GE,GE,S,CBOE,52571
2020-12-08,GE,GE,S,CBOE,21070
2020-12-09,GE,GE,S,CBOE,53740
2020-12-10,GE,GE,S,CBOE,27345
2020-12-11,GE,GE,S,CBOE,22062
2020-12-14,GE,GE,S,CBOE,22878
2020-12-15,GE,GE,S,CBOE,42794
2020-12-16,GE,GE,S,CBOE,12445
2020-12-17,GE,GE,S,CBOE,15867
2020-12-18,GE,GE,S,CBOE,22938
2020-12-21,GE,GE,S,CBOE,21959
2020-12-22,GE,GE,S,CBOE,38223
2020-12-23,GE,GE,S,CBOE,17882
2020-12-24,GE,GE,S,CBOE,10923
2020-12-28,GE,GE,S,CBOE,20688
2020-12-29,GE,GE,S,CBOE,12505
2020-12-30,GE,GE,S,CBOE,11458
2020-12-31,GE,GE,S,CBOE,12030
2021-01-04,GE,GE,S,CBOE,23600
2021-01-05,GE,GE,S,CBOE,17241
2021-01-06,GE,GE,S,CBOE,41744
2021-01-07,GE,GE,S,CBOE,18384
2021-01-08,GE,GE,S,CBOE,14109
2021-01-11,GE,GE,S,CBOE,15314
2021-01-12,GE,GE,S,CBOE,39595
2021-01-13,GE,GE,S,CBOE,17719
2021-01-14,GE,GE,S,CBOE,27815
2021-01-15,GE,GE,S,CBOE,22362
2021-01-19,GE,GE,S,CBOE,20700
2021-01-20,GE,GE,S,CBOE,14691
2021-01-21,GE,GE,S,CBOE,20276
2021-01-22,GE,GE,S,CBOE,20437
2021-01-25,GE,GE,S,CBOE,46294
2021-01-26,GE,GE,S,CBOE,78762
2021-01-27,GE,GE,S,CBOE,48481
2021-01-28,GE,GE,S,CBOE,24586
2021-01-29,GE,GE,S,CBOE,28491
2021-02-01,GE,GE,S,CBOE,27841
2021-02-02,GE,GE,S,CBOE,34146
2021-02-03,GE,GE,S,CBOE,14747
2021-02-04,GE,GE,S,CBOE,13806
2021-02-05,GE,GE,S,CBOE,12671
2021-02-08,GE,GE,S,CBOE,19831
2021-02-09,GE,GE,S,CBOE,10226
2021-02-10,GE,GE,S,CBOE,15570
2021-02-11,GE,GE,S,CBOE,23261
2021-02-12,GE,GE,S,CBOE,41840
2021-02-16,GE,GE,S,CBOE,21702
2021-02-17,GE,GE,S,CBOE,13617
2021-02-18,GE,GE,S,CBOE,11145
2021-02-19,GE,GE,S,CBOE,30690
2021-02-22,GE,GE,S,CBOE,57921
2021-02-23,GE,GE,S,CBOE,19995
2021-02-24,GE,GE,S,CBOE,60395
2021-02-25,GE,GE,S,CBOE,29335
2021-02-26,GE,GE,S,CBOE,22614
2021-03-01,GE,GE,S,CBOE,22727
2021-03-02,GE,GE,S,CBOE,13634
2021-03-03,GE,GE,S,CBOE,39872
2021-03-04,GE,GE,S,CBOE,68090
2021-03-05,GE,GE,S,CBOE,36078
2021-03-08,GE,GE,S,CBOE,62650
2021-03-09,GE,GE,S,CBOE,33694
2021-03-10,GE,GE,S,CBOE,103106
2021-03-11,GE,GE,S,CBOE,133723
2021-03-12,GE,GE,S,CBOE,48699
2021-03-15,GE,GE,S,CBOE,56314
2021-03-16,GE,GE,S,CBOE,31287
2021-03-17,GE,GE,S,CBOE,26240
2021-03-18,GE,GE,S,CBOE,23485
2021-03-19,GE,GE,S,CBOE,27495
2021-03-22,GE,GE,S,CBOE,16022
2021-03-23,GE,GE,S,CBOE,30291
2021-03-24,GE,GE,S,CBOE,23780
2021-03-25,GE,GE,S,CBOE,26736
2021-03-26,GE,GE,S,CBOE,21316
2021-03-29,GE,GE,S,CBOE,28202
2021-03-30,GE,GE,S,CBOE,33889
2021-03-31,GE,GE,S,CBOE,21750
2021-04-01,GE,GE,S,CBOE,29525
2021-04-05,GE,GE,S,CBOE,32203
2021-04-06,GE,GE,S,CBOE,19807
2021-04-07,GE,GE,S,CBOE,9171
2021-04-08,GE,GE,S,CBOE,18701
2021-04-09,GE,GE,S,CBOE,22055
2021-04-12,GE,GE,S,CBOE,8899
2021-04-13,GE,GE,S,CBOE,12545
2021-04-14,GE,GE,S,CBOE,18857
2021-04-15,GE,GE,S,CBOE,13974
2021-04-16,GE,GE,S,CBOE,14767
2021-04-19,GE,GE,S,CBOE,12978
2021-04-20,GE,GE,S,CBOE,13035
2021-04-21,GE,GE,S,CBOE,10768
2021-04-22,GE,GE,S,CBOE,12964
2021-04-23,GE,GE,S,CBOE,12533
2021-04-26,GE,GE,S,CBOE,29543
2021-04-27,GE,GE,S,CBOE,42691
2021-04-28,GE,GE,S,CBOE,11697
